[debug] [2026-09-10T08:54:39.440Z] ----------------------------------------------------------------------
[debug] [2026-09-10T08:54:39.442Z] Command:       /usr/local/bin/node /usr/local/bin/firebase deploy --only hosting
[debug] [2026-09-10T08:54:39.442Z] CLI Version:   15.30.0
[debug] [2026-09-10T08:54:39.442Z] Platform:      darwin
[debug] [2026-09-10T08:54:39.442Z] Node Version:  v24.11.1
[debug] [2026-09-10T08:54:39.442Z] Detected Agent: unknown
[debug] [2026-09-10T08:54:39.442Z] Time:          Thu Sep 10 2026 14:24:39 GMT+0530 (India Standard Time)
[debug] [2026-09-10T08:54:39.442Z] ----------------------------------------------------------------------
[debug] 
[debug] [2026-09-10T08:54:40.268Z] > command requires scopes: ["email","openid","https://www.googleapis.com/auth/cloudplatformprojects.readonly","https://www.googleapis.com/auth/firebase","https://www.googleapis.com/auth/cloud-platform"]
[debug] [2026-09-10T08:54:40.268Z] > authorizing via signed-in user (mohitsinghrajput801103@gmail.com)
[debug] [2026-09-10T08:54:40.268Z] [iam] checking project binaire-freznel-assessme-73bb3 for permissions ["firebase.projects.get","firebasehosting.sites.update"]
[debug] [2026-09-10T08:54:40.273Z] Checked if tokens are valid: true, expires at: 1789034063367
[debug] [2026-09-10T08:54:40.273Z] Checked if tokens are valid: true, expires at: 1789034063367
[debug] [2026-09-10T08:54:40.274Z] >>> [apiv2][query] POST https://cloudresourcemanager.googleapis.com/v1/projects/binaire-freznel-assessme-73bb3:testIamPermissions [none]
[debug] [2026-09-10T08:54:40.274Z] >>> [apiv2][(partial)header] POST https://cloudresourcemanager.googleapis.com/v1/projects/binaire-freznel-assessme-73bb3:testIamPermissions  x-goog-user-project=binaire-freznel-assessme-73bb3
[debug] [2026-09-10T08:54:40.274Z] >>> [apiv2][body] POST https://cloudresourcemanager.googleapis.com/v1/projects/binaire-freznel-assessme-73bb3:testIamPermissions {"permissions":["firebase.projects.get","firebasehosting.sites.update"]}
[debug] [2026-09-10T08:54:41.738Z] <<< [apiv2][status] POST https://cloudresourcemanager.googleapis.com/v1/projects/binaire-freznel-assessme-73bb3:testIamPermissions 200
[debug] [2026-09-10T08:54:41.738Z] <<< [apiv2][body] POST https://cloudresourcemanager.googleapis.com/v1/projects/binaire-freznel-assessme-73bb3:testIamPermissions {"permissions":["firebase.projects.get","firebasehosting.sites.update"]}
[debug] [2026-09-10T08:54:41.739Z] Checked if tokens are valid: true, expires at: 1789034063367
[debug] [2026-09-10T08:54:41.739Z] Checked if tokens are valid: true, expires at: 1789034063367
[debug] [2026-09-10T08:54:41.739Z] >>> [apiv2][query] GET https://firebase.googleapis.com/v1beta1/projects/binaire-freznel-assessme-73bb3 [none]
[debug] [2026-09-10T08:54:42.140Z] <<< [apiv2][status] GET https://firebase.googleapis.com/v1beta1/projects/binaire-freznel-assessme-73bb3 200
[debug] [2026-09-10T08:54:42.140Z] <<< [apiv2][body] GET https://firebase.googleapis.com/v1beta1/projects/binaire-freznel-assessme-73bb3 {"projectId":"binaire-freznel-assessme-73bb3","projectNumber":"575169726888","displayName":"Binaire Freznel Assessment","name":"projects/binaire-freznel-assessme-73bb3","resources":{"hostingSite":"binaire-freznel-assessme-73bb3"},"state":"ACTIVE","labels":{"firebase":"enabled"},"etag":"1_474a24dd-fae4-43df-bd1d-104b59e4502d"}
[info] 
[info] === Deploying to 'binaire-freznel-assessme-73bb3'...
[info] 
[info] i  deploying hosting 
[debug] [2026-09-10T08:54:42.145Z] Checked if tokens are valid: true, expires at: 1789034063367
[debug] [2026-09-10T08:54:42.145Z] Checked if tokens are valid: true, expires at: 1789034063367
[debug] [2026-09-10T08:54:42.145Z] >>> [apiv2][query] GET https://firebasehosting.googleapis.com/v1beta1/projects/binaire-freznel-assessme-73bb3/sites/binaire-freznel-assessme-73bb3 [none]
[debug] [2026-09-10T08:54:43.405Z] <<< [apiv2][status] GET https://firebasehosting.googleapis.com/v1beta1/projects/binaire-freznel-assessme-73bb3/sites/binaire-freznel-assessme-73bb3 200
[debug] [2026-09-10T08:54:43.405Z] <<< [apiv2][body] GET https://firebasehosting.googleapis.com/v1beta1/projects/binaire-freznel-assessme-73bb3/sites/binaire-freznel-assessme-73bb3 {"name":"projects/binaire-freznel-assessme-73bb3/sites/binaire-freznel-assessme-73bb3","defaultUrl":"https://binaire-freznel-assessme-73bb3.web.app","type":"DEFAULT_SITE"}
[debug] [2026-09-10T08:54:43.406Z] Checked if tokens are valid: true, expires at: 1789034063367
[debug] [2026-09-10T08:54:43.406Z] Checked if tokens are valid: true, expires at: 1789034063367
[debug] [2026-09-10T08:54:43.406Z] >>> [apiv2][query] POST https://firebasehosting.googleapis.com/v1beta1/projects/-/sites/binaire-freznel-assessme-73bb3/versions [none]
[debug] [2026-09-10T08:54:43.406Z] >>> [apiv2][body] POST https://firebasehosting.googleapis.com/v1beta1/projects/-/sites/binaire-freznel-assessme-73bb3/versions {"status":"CREATED","labels":{"deployment-tool":"cli-firebase"}}
[debug] [2026-09-10T08:54:45.763Z] <<< [apiv2][status] POST https://firebasehosting.googleapis.com/v1beta1/projects/-/sites/binaire-freznel-assessme-73bb3/versions 200
[debug] [2026-09-10T08:54:45.763Z] <<< [apiv2][body] POST https://firebasehosting.googleapis.com/v1beta1/projects/-/sites/binaire-freznel-assessme-73bb3/versions {"name":"projects/575169726888/sites/binaire-freznel-assessme-73bb3/versions/a499aa20ccf1ecac","status":"CREATED","config":{},"labels":{"deployment-tool":"cli-firebase"}}
[info] i  hosting[binaire-freznel-assessme-73bb3]: beginning deploy... 
[info] i  hosting[binaire-freznel-assessme-73bb3]: found 89 files in . 
[debug] [2026-09-10T08:54:45.796Z] [hosting] uploading with 200 concurrency
[debug] [2026-09-10T08:54:45.797Z] [hosting] hash cache [] not populated
[debug] [2026-09-10T08:54:45.819Z] Checked if tokens are valid: true, expires at: 1789034063367
[debug] [2026-09-10T08:54:45.819Z] Checked if tokens are valid: true, expires at: 1789034063367
[debug] [2026-09-10T08:54:45.820Z] [hosting] hash cache [] stored for 89 files
[debug] [2026-09-10T08:54:45.820Z] [hosting][hash queue][FINAL] {"max":16,"min":5,"avg":8.955056179775282,"active":0,"complete":89,"success":89,"errored":0,"retried":0,"total":89,"elapsed":22}
[debug] [2026-09-10T08:54:45.820Z] >>> [apiv2][query] POST https://firebasehosting.googleapis.com/v1beta1/projects/575169726888/sites/binaire-freznel-assessme-73bb3/versions/a499aa20ccf1ecac:populateFiles [none]
[debug] [2026-09-10T08:54:45.820Z] >>> [apiv2][body] POST https://firebasehosting.googleapis.com/v1beta1/projects/575169726888/sites/binaire-freznel-assessme-73bb3/versions/a499aa20ccf1ecac:populateFiles {"files":{"/tsconfig.json":"f1b651238a58fe290baec6c5e32f3bdb1943dd2bd582f02569231f7a757c7837","/vite.config.ts":"f1b651238a58fe290baec6c5e32f3bdb1943dd2bd582f02569231f7a757c7837","/package-lock.json":"f1b651238a58fe290baec6c5e32f3bdb1943dd2bd582f02569231f7a757c7837","/firestore.rules":"f1b651238a58fe290baec6c5e32f3bdb1943dd2bd582f02569231f7a757c7837","/eslint.config.js":"f1b651238a58fe290baec6c5e32f3bdb1943dd2bd582f02569231f7a757c7837","/package.json":"339ec46f72b1b9f2ef244f192278f2366d0e9dcdf405ae1cebd135c3ec984545","/server.js":"725cefce6b93dfaedec5ba605c0948a8c2d373f1a8d2d8d014ac6813d0628d17","/service-worker.js":"ce9e7bd8844daf9aa71436c02b8a7de067409e9d29b78e424e5d4d80185497fa","/model-worker.js":"05e2538f2d0f41527f569815b5a6ed672f94b92885489617d275a4f641d51136","/src/firebase-config.js":"22e13d8a7a1be8a43515e33d8daf3711bc846ce2268766e22d58d3e9dee73db4","/README.md":"f188218402b1683652ec08172919ffa1917991179c9ccd8a1837ad05cb0498a0","/.git/packed-refs":"00e4017da578b1c37fe0674b8aa62cd8f17217a2ade2ffc2b4ccddf4afd184fb","/index.html":"3f5668a86329ee2f1fc5151d83fadf02b79cb69b5328c191c51ac7c17638223a","/.git/HEAD":"a39dc51e21d1523cdef2091e7c7ab30a33ad42a7cd5da1f45139746e5c24b667","/.git/config":"7a04ff855d48486611836a099b85bd9f3dd6bfadd552a70ccb0882adc1e80f7c","/.git/index":"5b2779c3ed0b7da675ed61b74eabb19d1dd7ff5e88f200e01231c53353148b87","/src/offline.js":"41d2996494f927ecdf1e3fffa570a88270095b50e2e89d5ddadcd80886493968","/src/firebase-config.example.js":"0e11f8b6106859efeeb31a7bf2df6aec310f913935524c13091193043efedaae","/.git/description":"d80717aec73322e5b189c52f5d2f13033fd07d1702a21c5395583d89cf7c8c2d","/.git/refs/remotes/origin/HEAD":"0f5d56efe56c5dcabb387d965aad58d0f60a3b7485cb9b04bef04b93bebf911e","/.git/refs/remotes/origin/main":"506a88e5968ce0ae4217b8c042fa685963c2f420af19ca71808fa6661f7f607c","/.git/refs/heads/main":"506a88e5968ce0ae4217b8c042fa685963c2f420af19ca71808fa6661f7f607c","/.git/FETCH_HEAD":"b8d1772e280f8a0081ab2dac983a31c95a9a96c34d4aefaac0050f3d01606103","/.git/objects/e6/9de29bb2d1d6434b8b29ae775ad8c2e48c5391":"1b384640d6800d08b347dca84cbce95473fe0aa6aa082c21aaccbdabecdc4ae3","/.git/objects/fe/f6dddedce3acd2f5b03754589f2e10d96cbb75":"34e6cc85cf33d0ee09e19997212d999260696a9a903140a50b0876c0d923347d","/.git/objects/e0/b67e62f1eb3fcd73dcb4ad67ea54d496289da2":"fff736ba0e9676c9e036764a6a651e6c8fab6155016bcae487b9084feceaa70f","/.git/COMMIT_EDITMSG":"c26c9d9b93d16db36a8f40dd13dbe975c723cf8a131e038bd91941821f484224","/src/styles.css":"d8522698f5d2bfd91feb645006b223bedbf77d2edc01919ea01aa0ec43731d37","/.git/objects/e7/bb79fbf835a343fff4cbeb243cc10652a6342d":"42815a32b58b7ca99c6b12eb291283f74ad13451dc0a6f952c5c336418379851","/src/auth.js":"8d5e130d67daeb6163f4ddf033deb6ab7d253f340501086eb876e2dd73baed0a","/.kiro/settings/cli.json":"0f02bf8dbc1e92bd07d4e21959ebd08823d148351736ef566a32249ffd177c1d","/.git/objects/d7/fd2e5ec2721630932cb1f0a0df38a3e666ead6":"fb07bd4ea57fde956d955a942c0e5d814778b0f803c352f2f3cac7422bfac054","/.git/objects/d6/a1e820f7d79331d55d45f410f2ecc9faa2caee":"a417070355d35beb61dc1ce065f5433c43237f5afe980997a493ad4f69e6864f","/.git/objects/d6/ca05e51d62f2d33be607c1b53635a52c1913fb":"1c371d5a14ee072c54446e5276a99e1aad2bfec4a1e552fa721be99c1f47732a","/.git/objects/de/c8be186337c57bd72ff03ff0adc752699f622d":"2dcad23add66756d8c58cbc981561d9da9bcb1126604c580d058ff99d48731ef","/.git/objects/d5/64d0bc3dd917926892c55e3706cc116d5b165e":"75a72c2aab86802533424da0826adeff43cfb0d85676e5cc1234eeee67666386","/.git/objects/e0/0af6d590222d7e0550ec368a7ff13662baf3b0":"0d10798466916be079b3eebbfd06033dca51c3a8e98a615b7125d035491b3658","/.git/objects/ce/fa8a71d90045f5f221c9eba2d1d08b5581d0ab":"50022119a05b17f27aa360e444e7f62fee5fefd142b1eb4db1dc735de2916442","/.git/objects/cb/cec8e811032129edd7201d66e2ec6f8e78cdd9":"b37f214067380fbf0c8b179f4177fc10d6d5aec8e79241d8d92a6fb1fe5f0063","/.git/objects/ce/4b368de9677f6d40b3ffe0c70b62b587734c24":"099704e7c1d1412ba20869447e6556f0780692911dc24ac2f3fa96dc99a652c3","/.git/objects/cb/f67501f3787493e40e5702af04e6b06013e2a4":"8fb0db9cdee09dc7f7132eff783d2e4c4f78adb54170d700cf46f664567a1fe7","/.git/objects/b0/92f7401e75499af137fae364ba642224b716ab":"3645bfa20cd210f760f8e00fde19ec9d2a199caf90ca63c0c003611353f427d8","/.git/objects/c8/d3b23d6dcbea65040e3399f4a2850728e63bc3":"570805efdb5565171568a57b2350f51451a7635d2e69c51796ee02bfaa7967ac","/.git/objects/8c/5d6bd7946a6a52335a1b5c7d6336e7616402b9":"a6840dfc76ee8dfee3e23b319c313802f5a311aec7bdac618ff47e659a2ce998","/.git/objects/90/cc8b73a4934f380e67cd7ea4d48dfbd09e5944":"caa8b2060a55e49595273af0adb00a52dd809c7a1c0b6d8195fdc641dce8fd32","/.git/objects/85/7b0ed588dd549da66c45569e38f28aa21a2d90":"0804f906dc5191914cb4fa2d163a49e647e9ca36ef4cfc1351bd22cdd5808415","/.git/objects/b9/181a6aee603b1116d8604f6b4df17428573653":"f328422abd31c4b00567d29f4c1567f94466c77837b40037d75c78a031ff9eca","/.git/objects/86/e78973afcfed108d6ff64333df833a429fbd6e":"a04184bc97bb128eda296612807459cda63658461d1f9391149b8d696493bb3f","/src/main.js":"76cb0b6a560d430a4f9caba890de3a584b8a65631509fd5ec5c7b14d1747802a","/models.json":"f5058edd5d6cb154527c46c026f39cfbf18a3cfb4b3ad5bf866e669379ffece8","/.git/objects/79/66251c5a493aacb67a10b30a18f095e8c38a43":"82a5952ca03a51096ac91b8e031213b64d5ba16b661ce2f1041a33526bd46202","/.git/objects/7c/fc3a1a36f2e286287b728f29b9297e4aae64de":"d48db705a68aebd52f88049864dd84ec0b09ebe344ae5a99f05e625ddee60445","/.git/objects/75/a9ed42d731fc97445cde1a70ab7ba342f3b0dd":"b2816334a7c6928dc1139ec530205ee3ede28ccbf34b7965f58bdb0357b692df","/.git/objects/70/a11c21c885b8b40c18867e3ff68d9fa8e673e3":"138ea1b518f997a536ac86444d41c2782cf8bf7fdb46ac5282b4511bbee0f547","/.git/objects/77/cb280ece2b1302b7bd651238751b1093d2659f":"b7a54d5455fc19bccd185cf962b3663cded734cb63dde5867d63450b6e8cbab3","/.git/objects/64/6b739766a4b8498a91d757f8453a444bf156db":"2f125b57700a62248013d67b9f40309530aca4b69c144934864266ec063c2733","/.git/objects/68/3a20f06b9dc63e44c52fa634132cccae12fa5d":"ef42ce795eb5caff1ae7fe52fc9857ae3f932f40d91eddabe828e65f0f52a7ff","/.git/objects/6c/840ca03f3af61dbb46688d5f0006a8f8bcf5c4":"bf74a53711b8329e7d210cd17648dae7060f12c92f7aa400ad02fdcebf4ed020","/.git/objects/57/d4094217f24f374f266549b155ab1503841723":"0e8c33c6c40c3413d8c5e49c2c4801ead417c381818fb05d850120b98fa21a31","/.git/objects/5c/b04f0e4a18f9554ce84e0fdc9c7a79df2c04b9":"dd68c1c4e42e7946d2a1c8949fa01f79840f6de98b0d692b439ee469ea5a841c","/.git/objects/49/8f8b7bdca01cca23527f3eebc5de4fedf3607b":"6b577a4328c44842f3d8c8c8f0cf75607ee1322fbc0c6c9bb6c881edc935d64d","/.git/objects/41/dd9a72cc760966719d100b5c69c1f8f59be9d4":"f999a63d81f49cb369d30471727c13a28bbf228128bfa3735fef87d250e85603","/.git/objects/2e/91a63ea048967149d9bc47b05d6d9ecafbc46d":"d6494d8e56cff30d8841deff5eb122f5f6ca063931bfa9243fcc12ee6bc2abef","/.git/objects/41/49c17a2da37eee38c09246cc6eb02669dff43a":"4b6303ab72c3c53300402fa87effa6220f0386dac530d1adbb1a7a1ae6d16a1e","/.git/objects/43/c5ddc0f195803141b62c482ede1fed1fd12d47":"c6258d110ac5b134dab1766801477aba9b355626b7de076f89505d764cbf52c8","/.git/objects/50/54519acc46c27e8276fba07da7520e6aa61e64":"1529d1fc447c5923633e840b49c3ae4c59bff411c503243ca6b9a384aa8a3083","/.git/objects/13/bc1c96ab017570a6ec88ccbcbfead5fcd8100f":"18e5d6c9853d09fdae2e3332451f244850afbb19732160448583fedcad52d2ed","/.git/objects/0e/bb1c7d323f9310d98adbf20123fa8501251a97":"d0101eb58190df77081981c9668f53958923a0364569ec9a97bbda475380d280","/.git/objects/44/f5a699fec0f2489091cbf2475ff2242ebd7a52":"a6bd64c4353c4e4d10c383b82dd199b5e6c7426d727744481b03a28505e622ef","/.git/objects/2e/4ce9bba5b054219b2ef3c7bfc230f1030dd415":"21a62d89cbd2f17e3911891950337abc80443c46bb09a16e7c6377522fb61536","/.git/objects/0f/a099ef0d813f95def7a379c7a01537a5fc0206":"986d61dc12bfe0e22453ae2d5cf0b596b05243f6f55d9a5aa82d34123b547d76","/.git/objects/24/c490b4ab26795b26383a941ddb94bbffc8be2e":"88da9ed57a844f059250edd628e7fdc1f9316cf6b50d99ba432ea344714927ef","/.git/objects/03/489424c19ee31cfd83c82471f9f2d5b0cd92ae":"28f39e0ca15d08c92941aa1facc4b764e2dac22497dc4dbcb0fb0d4ef1d92e04","/.git/objects/04/586b23dde40f30158bdb1a5998b5708781a8fc":"717c5f5d6f27c1d8bb3839db88307ae156662ed346b102d84a518e6a8ae5e0cf","/.git/logs/refs/remotes/origin/HEAD":"4140da6d977f3f64b274762e86bd1368de155c64fb290736dff81dc101f82c66","/.git/logs/HEAD":"9d45c1608db101546275750c48b88c7e68a43e77852f79cf1a08b1925ba1134b","/.git/info/exclude":"73d4d7b11a903fb060c903fd62c6e1562b3603e7d457039c719d8184367eec2c","/.git/logs/refs/heads/main":"9d45c1608db101546275750c48b88c7e68a43e77852f79cf1a08b1925ba1134b","/.git/logs/refs/remotes/origin/main":"ed3b6838e6c2650fe5372a82b16e59ef08e08b6814016ab509764eea9e7faccf","/.git/hooks/pre-receive.sample":"2b2ca0e45ed128d9c96b91e491cc48d64bec04b3225fbde5f0a5b7757c479ba0","/.git/hooks/pre-push.sample":"526c3dc96ff3790e5b5a620b97d076972b9c2f1870f2eaaa9d98990b5b009049","/.git/hooks/update.sample":"ff75477e599d09c9615d47c8ee06d5253057440c443a42192ef5109fe55ff4e0","/.git/hooks/pre-applypatch.sample":"69bb73fa446dc095401aebeed6e9567f148a70b49dddb7007d7dd0bd2758a570","/.git/hooks/pre-commit.sample":"b39a0b26c57ac74b8e7c54e3115b3315bdb0a3c02dec0c56e49737ac380a03c9","/.git/hooks/pre-rebase.sample":"a8b1c92ead8342bf60b849ad99bed65089c6ccc142e467d62287307902055d72","/.git/hooks/prepare-commit-msg.sample":"233eb4792ce783ee1bbb334b9e21c04a5b1e2c9c4adce2cb06045134de8eb2c5","/.git/hooks/post-update.sample":"b10e235e8e631c62cf8970a23fcb25102f823e835384ecad0c7b1c463a2a6cb0","/.git/hooks/applypatch-msg.sample":"21698bb9cc236ed557dfd28414c4c46a690d7fb639a6f8c3a236a941ae14243e","/.git/hooks/commit-msg.sample":"dc524eba7da6829a8ff9e95a55d232f02a18f5d4311489246c3f65ffb7855331"}}
[debug] [2026-09-10T08:54:46.842Z] <<< [apiv2][status] POST https://firebasehosting.googleapis.com/v1beta1/projects/575169726888/sites/binaire-freznel-assessme-73bb3/versions/a499aa20ccf1ecac:populateFiles 200
[debug] [2026-09-10T08:54:46.842Z] <<< [apiv2][body] POST https://firebasehosting.googleapis.com/v1beta1/projects/575169726888/sites/binaire-freznel-assessme-73bb3/versions/a499aa20ccf1ecac:populateFiles {"uploadRequiredHashes":["9d45c1608db101546275750c48b88c7e68a43e77852f79cf1a08b1925ba1134b","fb07bd4ea57fde956d955a942c0e5d814778b0f803c352f2f3cac7422bfac054","a39dc51e21d1523cdef2091e7c7ab30a33ad42a7cd5da1f45139746e5c24b667","7a04ff855d48486611836a099b85bd9f3dd6bfadd552a70ccb0882adc1e80f7c","725cefce6b93dfaedec5ba605c0948a8c2d373f1a8d2d8d014ac6813d0628d17","4140da6d977f3f64b274762e86bd1368de155c64fb290736dff81dc101f82c66","d0101eb58190df77081981c9668f53958923a0364569ec9a97bbda475380d280","b2816334a7c6928dc1139ec530205ee3ede28ccbf34b7965f58bdb0357b692df","0e8c33c6c40c3413d8c5e49c2c4801ead417c381818fb05d850120b98fa21a31","c6258d110ac5b134dab1766801477aba9b355626b7de076f89505d764cbf52c8","0804f906dc5191914cb4fa2d163a49e647e9ca36ef4cfc1351bd22cdd5808415","18e5d6c9853d09fdae2e3332451f244850afbb19732160448583fedcad52d2ed","526c3dc96ff3790e5b5a620b97d076972b9c2f1870f2eaaa9d98990b5b009049","21698bb9cc236ed557dfd28414c4c46a690d7fb639a6f8c3a236a941ae14243e","dc524eba7da6829a8ff9e95a55d232f02a18f5d4311489246c3f65ffb7855331","339ec46f72b1b9f2ef244f192278f2366d0e9dcdf405ae1cebd135c3ec984545","a417070355d35beb61dc1ce065f5433c43237f5afe980997a493ad4f69e6864f","88da9ed57a844f059250edd628e7fdc1f9316cf6b50d99ba432ea344714927ef","ef42ce795eb5caff1ae7fe52fc9857ae3f932f40d91eddabe828e65f0f52a7ff","2f125b57700a62248013d67b9f40309530aca4b69c144934864266ec063c2733","75a72c2aab86802533424da0826adeff43cfb0d85676e5cc1234eeee67666386","caa8b2060a55e49595273af0adb00a52dd809c7a1c0b6d8195fdc641dce8fd32","8fb0db9cdee09dc7f7132eff783d2e4c4f78adb54170d700cf46f664567a1fe7","f5058edd5d6cb154527c46c026f39cfbf18a3cfb4b3ad5bf866e669379ffece8","f328422abd31c4b00567d29f4c1567f94466c77837b40037d75c78a031ff9eca","d48db705a68aebd52f88049864dd84ec0b09ebe344ae5a99f05e625ddee60445","22e13d8a7a1be8a43515e33d8daf3711bc846ce2268766e22d58d3e9dee73db4","0d10798466916be079b3eebbfd06033dca51c3a8e98a615b7125d035491b3658","a6bd64c4353c4e4d10c383b82dd199b5e6c7426d727744481b03a28505e622ef","717c5f5d6f27c1d8bb3839db88307ae156662ed346b102d84a518e6a8ae5e0cf","d6494d8e56cff30d8841deff5eb122f5f6ca063931bfa9243fcc12ee6bc2abef","0f5d56efe56c5dcabb387d965aad58d0f60a3b7485cb9b04bef04b93bebf911e","d8522698f5d2bfd91feb645006b223bedbf77d2edc01919ea01aa0ec43731d37","0e11f8b6106859efeeb31a7bf2df6aec310f913935524c13091193043efedaae","138ea1b518f997a536ac86444d41c2782cf8bf7fdb46ac5282b4511bbee0f547","5b2779c3ed0b7da675ed61b74eabb19d1dd7ff5e88f200e01231c53353148b87","b39a0b26c57ac74b8e7c54e3115b3315bdb0a3c02dec0c56e49737ac380a03c9","099704e7c1d1412ba20869447e6556f0780692911dc24ac2f3fa96dc99a652c3","34e6cc85cf33d0ee09e19997212d999260696a9a903140a50b0876c0d923347d","8d5e130d67daeb6163f4ddf033deb6ab7d253f340501086eb876e2dd73baed0a","dd68c1c4e42e7946d2a1c8949fa01f79840f6de98b0d692b439ee469ea5a841c","2dcad23add66756d8c58cbc981561d9da9bcb1126604c580d058ff99d48731ef","ff75477e599d09c9615d47c8ee06d5253057440c443a42192ef5109fe55ff4e0","3f5668a86329ee2f1fc5151d83fadf02b79cb69b5328c191c51ac7c17638223a","1c371d5a14ee072c54446e5276a99e1aad2bfec4a1e552fa721be99c1f47732a","f188218402b1683652ec08172919ffa1917991179c9ccd8a1837ad05cb0498a0","a04184bc97bb128eda296612807459cda63658461d1f9391149b8d696493bb3f","a6840dfc76ee8dfee3e23b319c313802f5a311aec7bdac618ff47e659a2ce998","00e4017da578b1c37fe0674b8aa62cd8f17217a2ade2ffc2b4ccddf4afd184fb","3645bfa20cd210f760f8e00fde19ec9d2a199caf90ca63c0c003611353f427d8","2b2ca0e45ed128d9c96b91e491cc48d64bec04b3225fbde5f0a5b7757c479ba0","1b384640d6800d08b347dca84cbce95473fe0aa6aa082c21aaccbdabecdc4ae3","0f02bf8dbc1e92bd07d4e21959ebd08823d148351736ef566a32249ffd177c1d","986d61dc12bfe0e22453ae2d5cf0b596b05243f6f55d9a5aa82d34123b547d76","6b577a4328c44842f3d8c8c8f0cf75607ee1322fbc0c6c9bb6c881edc935d64d","76cb0b6a560d430a4f9caba890de3a584b8a65631509fd5ec5c7b14d1747802a","69bb73fa446dc095401aebeed6e9567f148a70b49dddb7007d7dd0bd2758a570","233eb4792ce783ee1bbb334b9e21c04a5b1e2c9c4adce2cb06045134de8eb2c5","f999a63d81f49cb369d30471727c13a28bbf228128bfa3735fef87d250e85603","73d4d7b11a903fb060c903fd62c6e1562b3603e7d457039c719d8184367eec2c","41d2996494f927ecdf1e3fffa570a88270095b50e2e89d5ddadcd80886493968","fff736ba0e9676c9e036764a6a651e6c8fab6155016bcae487b9084feceaa70f","d80717aec73322e5b189c52f5d2f13033fd07d1702a21c5395583d89cf7c8c2d","42815a32b58b7ca99c6b12eb291283f74ad13451dc0a6f952c5c336418379851","82a5952ca03a51096ac91b8e031213b64d5ba16b661ce2f1041a33526bd46202","c26c9d9b93d16db36a8f40dd13dbe975c723cf8a131e038bd91941821f484224","4b6303ab72c3c53300402fa87effa6220f0386dac530d1adbb1a7a1ae6d16a1e","b37f214067380fbf0c8b179f4177fc10d6d5aec8e79241d8d92a6fb1fe5f0063","21a62d89cbd2f17e3911891950337abc80443c46bb09a16e7c6377522fb61536","b10e235e8e631c62cf8970a23fcb25102f823e835384ecad0c7b1c463a2a6cb0","f1b651238a58fe290baec6c5e32f3bdb1943dd2bd582f02569231f7a757c7837","a8b1c92ead8342bf60b849ad99bed65089c6ccc142e467d62287307902055d72","bf74a53711b8329e7d210cd17648dae7060f12c92f7aa400ad02fdcebf4ed020","05e2538f2d0f41527f569815b5a6ed672f94b92885489617d275a4f641d51136","1529d1fc447c5923633e840b49c3ae4c59bff411c503243ca6b9a384aa8a3083","ce9e7bd8844daf9aa71436c02b8a7de067409e9d29b78e424e5d4d80185497fa","b8d1772e280f8a0081ab2dac983a31c95a9a96c34d4aefaac0050f3d01606103","ed3b6838e6c2650fe5372a82b16e59ef08e08b6814016ab509764eea9e7faccf","b7a54d5455fc19bccd185cf962b3663cded734cb63dde5867d63450b6e8cbab3","506a88e5968ce0ae4217b8c042fa685963c2f420af19ca71808fa6661f7f607c","570805efdb5565171568a57b2350f51451a7635d2e69c51796ee02bfaa7967ac","50022119a05b17f27aa360e444e7f62fee5fefd142b1eb4db1dc735de2916442","28f39e0ca15d08c92941aa1facc4b764e2dac22497dc4dbcb0fb0d4ef1d92e04"],"uploadUrl":"https://upload-firebasehosting.googleapis.com/upload/sites/binaire-freznel-assessme-73bb3/versions/a499aa20ccf1ecac/files"}
[debug] [2026-09-10T08:54:46.843Z] Checked if tokens are valid: true, expires at: 1789034063367
[debug] [2026-09-10T08:54:46.843Z] Checked if tokens are valid: true, expires at: 1789034063367
[debug] [2026-09-10T08:54:46.844Z] Checked if tokens are valid: true, expires at: 1789034063367
[debug] [2026-09-10T08:54:46.844Z] Checked if tokens are valid: true, expires at: 1789034063367
[debug] [2026-09-10T08:54:46.844Z] Checked if tokens are valid: true, expires at: 1789034063367
[debug] [2026-09-10T08:54:46.844Z] Checked if tokens are valid: true, expires at: 1789034063367
[debug] [2026-09-10T08:54:46.844Z] Checked if tokens are valid: true, expires at: 1789034063367
[debug] [2026-09-10T08:54:46.844Z] Checked if tokens are valid: true, expires at: 1789034063367
[debug] [2026-09-10T08:54:46.844Z] Checked if tokens are valid: true, expires at: 1789034063367
[debug] [2026-09-10T08:54:46.844Z] Checked if tokens are valid: true, expires at: 1789034063367
[debug] [2026-09-10T08:54:46.845Z] Checked if tokens are valid: true, expires at: 1789034063367
[debug] [2026-09-10T08:54:46.845Z] Checked if tokens are valid: true, expires at: 1789034063367
[debug] [2026-09-10T08:54:46.845Z] Checked if tokens are valid: true, expires at: 1789034063367
[debug] [2026-09-10T08:54:46.845Z] Checked if tokens are valid: true, expires at: 1789034063367
[debug] [2026-09-10T08:54:46.845Z] Checked if tokens are valid: true, expires at: 1789034063367
[debug] [2026-09-10T08:54:46.845Z] Checked if tokens are valid: true, expires at: 1789034063367
[debug] [2026-09-10T08:54:46.845Z] Checked if tokens are valid: true, expires at: 1789034063367
[debug] [2026-09-10T08:54:46.845Z] Checked if tokens are valid: true, expires at: 1789034063367
[debug] [2026-09-10T08:54:46.846Z] Checked if tokens are valid: true, expires at: 1789034063367
[debug] [2026-09-10T08:54:46.846Z] Checked if tokens are valid: true, expires at: 1789034063367
[debug] [2026-09-10T08:54:46.846Z] Checked if tokens are valid: true, expires at: 1789034063367
[debug] [2026-09-10T08:54:46.846Z] Checked if tokens are valid: true, expires at: 1789034063367
[debug] [2026-09-10T08:54:46.847Z] Checked if tokens are valid: true, expires at: 1789034063367
[debug] [2026-09-10T08:54:46.847Z] Checked if tokens are valid: true, expires at: 1789034063367
[debug] [2026-09-10T08:54:46.847Z] Checked if tokens are valid: true, expires at: 1789034063367
[debug] [2026-09-10T08:54:46.847Z] Checked if tokens are valid: true, expires at: 1789034063367
[debug] [2026-09-10T08:54:46.847Z] Checked if tokens are valid: true, expires at: 1789034063367
[debug] [2026-09-10T08:54:46.847Z] Checked if tokens are valid: true, expires at: 1789034063367
[debug] [2026-09-10T08:54:46.847Z] Checked if tokens are valid: true, expires at: 1789034063367
[debug] [2026-09-10T08:54:46.847Z] Checked if tokens are valid: true, expires at: 1789034063367
[debug] [2026-09-10T08:54:46.848Z] Checked if tokens are valid: true, expires at: 1789034063367
[debug] [2026-09-10T08:54:46.848Z] Checked if tokens are valid: true, expires at: 1789034063367
[debug] [2026-09-10T08:54:46.848Z] Checked if tokens are valid: true, expires at: 1789034063367
[debug] [2026-09-10T08:54:46.848Z] Checked if tokens are valid: true, expires at: 1789034063367
[debug] [2026-09-10T08:54:46.848Z] Checked if tokens are valid: true, expires at: 1789034063367
[debug] [2026-09-10T08:54:46.848Z] Checked if tokens are valid: true, expires at: 1789034063367
[debug] [2026-09-10T08:54:46.848Z] Checked if tokens are valid: true, expires at: 1789034063367
[debug] [2026-09-10T08:54:46.848Z] Checked if tokens are valid: true, expires at: 1789034063367
[debug] [2026-09-10T08:54:46.848Z] Checked if tokens are valid: true, expires at: 1789034063367
[debug] [2026-09-10T08:54:46.848Z] Checked if tokens are valid: true, expires at: 1789034063367
[debug] [2026-09-10T08:54:46.849Z] Checked if tokens are valid: true, expires at: 1789034063367
[debug] [2026-09-10T08:54:46.849Z] Checked if tokens are valid: true, expires at: 1789034063367
[debug] [2026-09-10T08:54:46.849Z] Checked if tokens are valid: true, expires at: 1789034063367
[debug] [2026-09-10T08:54:46.849Z] Checked if tokens are valid: true, expires at: 1789034063367
[debug] [2026-09-10T08:54:46.849Z] Checked if tokens are valid: true, expires at: 1789034063367
[debug] [2026-09-10T08:54:46.849Z] Checked if tokens are valid: true, expires at: 1789034063367
[debug] [2026-09-10T08:54:46.849Z] Checked if tokens are valid: true, expires at: 1789034063367
[debug] [2026-09-10T08:54:46.849Z] Checked if tokens are valid: true, expires at: 1789034063367
[debug] [2026-09-10T08:54:46.849Z] Checked if tokens are valid: true, expires at: 1789034063367
[debug] [2026-09-10T08:54:46.849Z] Checked if tokens are valid: true, expires at: 1789034063367
[debug] [2026-09-10T08:54:46.849Z] Checked if tokens are valid: true, expires at: 1789034063367
[debug] [2026-09-10T08:54:46.850Z] Checked if tokens are valid: true, expires at: 1789034063367
[debug] [2026-09-10T08:54:46.850Z] Checked if tokens are valid: true, expires at: 1789034063367
[debug] [2026-09-10T08:54:46.850Z] Checked if tokens are valid: true, expires at: 1789034063367
[debug] [2026-09-10T08:54:46.850Z] Checked if tokens are valid: true, expires at: 1789034063367
[debug] [2026-09-10T08:54:46.850Z] Checked if tokens are valid: true, expires at: 1789034063367
[debug] [2026-09-10T08:54:46.850Z] Checked if tokens are valid: true, expires at: 1789034063367
[debug] [2026-09-10T08:54:46.850Z] Checked if tokens are valid: true, expires at: 1789034063367
[debug] [2026-09-10T08:54:46.850Z] Checked if tokens are valid: true, expires at: 1789034063367
[debug] [2026-09-10T08:54:46.850Z] Checked if tokens are valid: true, expires at: 1789034063367
[debug] [2026-09-10T08:54:46.850Z] Checked if tokens are valid: true, expires at: 1789034063367
[debug] [2026-09-10T08:54:46.850Z] Checked if tokens are valid: true, expires at: 1789034063367
[debug] [2026-09-10T08:54:46.851Z] Checked if tokens are valid: true, expires at: 1789034063367
[debug] [2026-09-10T08:54:46.851Z] Checked if tokens are valid: true, expires at: 1789034063367
[debug] [2026-09-10T08:54:46.851Z] Checked if tokens are valid: true, expires at: 1789034063367
[debug] [2026-09-10T08:54:46.851Z] Checked if tokens are valid: true, expires at: 1789034063367
[debug] [2026-09-10T08:54:46.851Z] Checked if tokens are valid: true, expires at: 1789034063367
[debug] [2026-09-10T08:54:46.851Z] Checked if tokens are valid: true, expires at: 1789034063367
[debug] [2026-09-10T08:54:46.851Z] Checked if tokens are valid: true, expires at: 1789034063367
[debug] [2026-09-10T08:54:46.851Z] Checked if tokens are valid: true, expires at: 1789034063367
[debug] [2026-09-10T08:54:46.851Z] Checked if tokens are valid: true, expires at: 1789034063367
[debug] [2026-09-10T08:54:46.851Z] Checked if tokens are valid: true, expires at: 1789034063367
[debug] [2026-09-10T08:54:46.852Z] Checked if tokens are valid: true, expires at: 1789034063367
[debug] [2026-09-10T08:54:46.852Z] Checked if tokens are valid: true, expires at: 1789034063367
[debug] [2026-09-10T08:54:46.852Z] Checked if tokens are valid: true, expires at: 1789034063367
[debug] [2026-09-10T08:54:46.852Z] Checked if tokens are valid: true, expires at: 1789034063367
[debug] [2026-09-10T08:54:46.852Z] Checked if tokens are valid: true, expires at: 1789034063367
[debug] [2026-09-10T08:54:46.852Z] Checked if tokens are valid: true, expires at: 1789034063367
[debug] [2026-09-10T08:54:46.852Z] Checked if tokens are valid: true, expires at: 1789034063367
[debug] [2026-09-10T08:54:46.852Z] Checked if tokens are valid: true, expires at: 1789034063367
[debug] [2026-09-10T08:54:46.852Z] Checked if tokens are valid: true, expires at: 1789034063367
[debug] [2026-09-10T08:54:46.852Z] Checked if tokens are valid: true, expires at: 1789034063367
[debug] [2026-09-10T08:54:46.852Z] Checked if tokens are valid: true, expires at: 1789034063367
[debug] [2026-09-10T08:54:46.853Z] Checked if tokens are valid: true, expires at: 1789034063367
[debug] [2026-09-10T08:54:46.853Z] Checked if tokens are valid: true, expires at: 1789034063367
[debug] [2026-09-10T08:54:46.853Z] Checked if tokens are valid: true, expires at: 1789034063367
[debug] [2026-09-10T08:54:46.853Z] Checked if tokens are valid: true, expires at: 1789034063367
[debug] [2026-09-10T08:54:46.853Z] Checked if tokens are valid: true, expires at: 1789034063367
[debug] [2026-09-10T08:54:46.853Z] Checked if tokens are valid: true, expires at: 1789034063367
[debug] [2026-09-10T08:54:46.853Z] Checked if tokens are valid: true, expires at: 1789034063367
[debug] [2026-09-10T08:54:46.853Z] Checked if tokens are valid: true, expires at: 1789034063367
[debug] [2026-09-10T08:54:46.853Z] Checked if tokens are valid: true, expires at: 1789034063367
[debug] [2026-09-10T08:54:46.853Z] Checked if tokens are valid: true, expires at: 1789034063367
[debug] [2026-09-10T08:54:46.853Z] Checked if tokens are valid: true, expires at: 1789034063367
[debug] [2026-09-10T08:54:46.854Z] Checked if tokens are valid: true, expires at: 1789034063367
[debug] [2026-09-10T08:54:46.854Z] Checked if tokens are valid: true, expires at: 1789034063367
[debug] [2026-09-10T08:54:46.854Z] Checked if tokens are valid: true, expires at: 1789034063367
[debug] [2026-09-10T08:54:46.854Z] Checked if tokens are valid: true, expires at: 1789034063367
[debug] [2026-09-10T08:54:46.854Z] Checked if tokens are valid: true, expires at: 1789034063367
[debug] [2026-09-10T08:54:46.854Z] Checked if tokens are valid: true, expires at: 1789034063367
[debug] [2026-09-10T08:54:46.854Z] Checked if tokens are valid: true, expires at: 1789034063367
[debug] [2026-09-10T08:54:46.854Z] Checked if tokens are valid: true, expires at: 1789034063367
[debug] [2026-09-10T08:54:46.854Z] Checked if tokens are valid: true, expires at: 1789034063367
[debug] [2026-09-10T08:54:46.854Z] Checked if tokens are valid: true, expires at: 1789034063367
[debug] [2026-09-10T08:54:46.855Z] Checked if tokens are valid: true, expires at: 1789034063367
[debug] [2026-09-10T08:54:46.855Z] Checked if tokens are valid: true, expires at: 1789034063367
[debug] [2026-09-10T08:54:46.855Z] Checked if tokens are valid: true, expires at: 1789034063367
[debug] [2026-09-10T08:54:46.855Z] Checked if tokens are valid: true, expires at: 1789034063367
[debug] [2026-09-10T08:54:46.855Z] Checked if tokens are valid: true, expires at: 1789034063367
[debug] [2026-09-10T08:54:46.855Z] Checked if tokens are valid: true, expires at: 1789034063367
[debug] [2026-09-10T08:54:46.855Z] Checked if tokens are valid: true, expires at: 1789034063367
[debug] [2026-09-10T08:54:46.855Z] Checked if tokens are valid: true, expires at: 1789034063367
[debug] [2026-09-10T08:54:46.855Z] Checked if tokens are valid: true, expires at: 1789034063367
[debug] [2026-09-10T08:54:46.855Z] Checked if tokens are valid: true, expires at: 1789034063367
[debug] [2026-09-10T08:54:46.855Z] Checked if tokens are valid: true, expires at: 1789034063367
[debug] [2026-09-10T08:54:46.856Z] Checked if tokens are valid: true, expires at: 1789034063367
[debug] [2026-09-10T08:54:46.856Z] Checked if tokens are valid: true, expires at: 1789034063367
[debug] [2026-09-10T08:54:46.856Z] Checked if tokens are valid: true, expires at: 1789034063367
[debug] [2026-09-10T08:54:46.856Z] Checked if tokens are valid: true, expires at: 1789034063367
[debug] [2026-09-10T08:54:46.856Z] Checked if tokens are valid: true, expires at: 1789034063367
[debug] [2026-09-10T08:54:46.856Z] Checked if tokens are valid: true, expires at: 1789034063367
[debug] [2026-09-10T08:54:46.856Z] Checked if tokens are valid: true, expires at: 1789034063367
[debug] [2026-09-10T08:54:46.856Z] Checked if tokens are valid: true, expires at: 1789034063367
[debug] [2026-09-10T08:54:46.856Z] Checked if tokens are valid: true, expires at: 1789034063367
[debug] [2026-09-10T08:54:46.856Z] Checked if tokens are valid: true, expires at: 1789034063367
[debug] [2026-09-10T08:54:46.856Z] Checked if tokens are valid: true, expires at: 1789034063367
[debug] [2026-09-10T08:54:46.857Z] Checked if tokens are valid: true, expires at: 1789034063367
[debug] [2026-09-10T08:54:46.857Z] Checked if tokens are valid: true, expires at: 1789034063367
[debug] [2026-09-10T08:54:46.857Z] Checked if tokens are valid: true, expires at: 1789034063367
[debug] [2026-09-10T08:54:46.857Z] Checked if tokens are valid: true, expires at: 1789034063367
[debug] [2026-09-10T08:54:46.857Z] Checked if tokens are valid: true, expires at: 1789034063367
[debug] [2026-09-10T08:54:46.857Z] Checked if tokens are valid: true, expires at: 1789034063367
[debug] [2026-09-10T08:54:46.857Z] Checked if tokens are valid: true, expires at: 1789034063367
[debug] [2026-09-10T08:54:46.857Z] Checked if tokens are valid: true, expires at: 1789034063367
[debug] [2026-09-10T08:54:46.857Z] Checked if tokens are valid: true, expires at: 1789034063367
[debug] [2026-09-10T08:54:46.857Z] Checked if tokens are valid: true, expires at: 1789034063367
[debug] [2026-09-10T08:54:46.858Z] Checked if tokens are valid: true, expires at: 1789034063367
[debug] [2026-09-10T08:54:46.858Z] Checked if tokens are valid: true, expires at: 1789034063367
[debug] [2026-09-10T08:54:46.858Z] Checked if tokens are valid: true, expires at: 1789034063367
[debug] [2026-09-10T08:54:46.858Z] Checked if tokens are valid: true, expires at: 1789034063367
[debug] [2026-09-10T08:54:46.858Z] Checked if tokens are valid: true, expires at: 1789034063367
[debug] [2026-09-10T08:54:46.858Z] Checked if tokens are valid: true, expires at: 1789034063367
[debug] [2026-09-10T08:54:46.858Z] Checked if tokens are valid: true, expires at: 1789034063367
[debug] [2026-09-10T08:54:46.858Z] Checked if tokens are valid: true, expires at: 1789034063367
[debug] [2026-09-10T08:54:46.858Z] Checked if tokens are valid: true, expires at: 1789034063367
[debug] [2026-09-10T08:54:46.858Z] Checked if tokens are valid: true, expires at: 1789034063367
[debug] [2026-09-10T08:54:46.858Z] Checked if tokens are valid: true, expires at: 1789034063367
[debug] [2026-09-10T08:54:46.858Z] Checked if tokens are valid: true, expires at: 1789034063367
[debug] [2026-09-10T08:54:46.858Z] Checked if tokens are valid: true, expires at: 1789034063367
[debug] [2026-09-10T08:54:46.858Z] Checked if tokens are valid: true, expires at: 1789034063367
[debug] [2026-09-10T08:54:46.859Z] Checked if tokens are valid: true, expires at: 1789034063367
[debug] [2026-09-10T08:54:46.859Z] Checked if tokens are valid: true, expires at: 1789034063367
[debug] [2026-09-10T08:54:46.859Z] Checked if tokens are valid: true, expires at: 1789034063367
[debug] [2026-09-10T08:54:46.859Z] Checked if tokens are valid: true, expires at: 1789034063367
[debug] [2026-09-10T08:54:46.859Z] Checked if tokens are valid: true, expires at: 1789034063367
[debug] [2026-09-10T08:54:46.859Z] Checked if tokens are valid: true, expires at: 1789034063367
[debug] [2026-09-10T08:54:46.859Z] Checked if tokens are valid: true, expires at: 1789034063367
[debug] [2026-09-10T08:54:46.859Z] Checked if tokens are valid: true, expires at: 1789034063367
[debug] [2026-09-10T08:54:46.859Z] Checked if tokens are valid: true, expires at: 1789034063367
[debug] [2026-09-10T08:54:46.859Z] Checked if tokens are valid: true, expires at: 1789034063367
[debug] [2026-09-10T08:54:46.859Z] Checked if tokens are valid: true, expires at: 1789034063367
[debug] [2026-09-10T08:54:46.859Z] Checked if tokens are valid: true, expires at: 1789034063367
[debug] [2026-09-10T08:54:46.859Z] Checked if tokens are valid: true, expires at: 1789034063367
[debug] [2026-09-10T08:54:46.859Z] Checked if tokens are valid: true, expires at: 1789034063367
[debug] [2026-09-10T08:54:46.860Z] Checked if tokens are valid: true, expires at: 1789034063367
[debug] [2026-09-10T08:54:46.860Z] Checked if tokens are valid: true, expires at: 1789034063367
[debug] [2026-09-10T08:54:46.860Z] >>> [apiv2][query] POST https://upload-firebasehosting.googleapis.com/upload/sites/binaire-freznel-assessme-73bb3/versions/a499aa20ccf1ecac/files/9d45c1608db101546275750c48b88c7e68a43e77852f79cf1a08b1925ba1134b [none]
[debug] [2026-09-10T08:54:46.860Z] >>> [apiv2][body] POST https://upload-firebasehosting.googleapis.com/upload/sites/binaire-freznel-assessme-73bb3/versions/a499aa20ccf1ecac/files/9d45c1608db101546275750c48b88c7e68a43e77852f79cf1a08b1925ba1134b [stream]
[debug] [2026-09-10T08:54:46.861Z] >>> [apiv2][query] POST https://upload-firebasehosting.googleapis.com/upload/sites/binaire-freznel-assessme-73bb3/versions/a499aa20ccf1ecac/files/fb07bd4ea57fde956d955a942c0e5d814778b0f803c352f2f3cac7422bfac054 [none]
[debug] [2026-09-10T08:54:46.861Z] >>> [apiv2][body] POST https://upload-firebasehosting.googleapis.com/upload/sites/binaire-freznel-assessme-73bb3/versions/a499aa20ccf1ecac/files/fb07bd4ea57fde956d955a942c0e5d814778b0f803c352f2f3cac7422bfac054 [stream]
[debug] [2026-09-10T08:54:46.862Z] >>> [apiv2][query] POST https://upload-firebasehosting.googleapis.com/upload/sites/binaire-freznel-assessme-73bb3/versions/a499aa20ccf1ecac/files/a39dc51e21d1523cdef2091e7c7ab30a33ad42a7cd5da1f45139746e5c24b667 [none]
[debug] [2026-09-10T08:54:46.862Z] >>> [apiv2][body] POST https://upload-firebasehosting.googleapis.com/upload/sites/binaire-freznel-assessme-73bb3/versions/a499aa20ccf1ecac/files/a39dc51e21d1523cdef2091e7c7ab30a33ad42a7cd5da1f45139746e5c24b667 [stream]
[debug] [2026-09-10T08:54:46.862Z] >>> [apiv2][query] POST https://upload-firebasehosting.googleapis.com/upload/sites/binaire-freznel-assessme-73bb3/versions/a499aa20ccf1ecac/files/7a04ff855d48486611836a099b85bd9f3dd6bfadd552a70ccb0882adc1e80f7c [none]
[debug] [2026-09-10T08:54:46.862Z] >>> [apiv2][body] POST https://upload-firebasehosting.googleapis.com/upload/sites/binaire-freznel-assessme-73bb3/versions/a499aa20ccf1ecac/files/7a04ff855d48486611836a099b85bd9f3dd6bfadd552a70ccb0882adc1e80f7c [stream]
[debug] [2026-09-10T08:54:46.863Z] >>> [apiv2][query] POST https://upload-firebasehosting.googleapis.com/upload/sites/binaire-freznel-assessme-73bb3/versions/a499aa20ccf1ecac/files/725cefce6b93dfaedec5ba605c0948a8c2d373f1a8d2d8d014ac6813d0628d17 [none]
[debug] [2026-09-10T08:54:46.863Z] >>> [apiv2][body] POST https://upload-firebasehosting.googleapis.com/upload/sites/binaire-freznel-assessme-73bb3/versions/a499aa20ccf1ecac/files/725cefce6b93dfaedec5ba605c0948a8c2d373f1a8d2d8d014ac6813d0628d17 [stream]
[debug] [2026-09-10T08:54:46.863Z] >>> [apiv2][query] POST https://upload-firebasehosting.googleapis.com/upload/sites/binaire-freznel-assessme-73bb3/versions/a499aa20ccf1ecac/files/4140da6d977f3f64b274762e86bd1368de155c64fb290736dff81dc101f82c66 [none]
[debug] [2026-09-10T08:54:46.863Z] >>> [apiv2][body] POST https://upload-firebasehosting.googleapis.com/upload/sites/binaire-freznel-assessme-73bb3/versions/a499aa20ccf1ecac/files/4140da6d977f3f64b274762e86bd1368de155c64fb290736dff81dc101f82c66 [stream]
[debug] [2026-09-10T08:54:46.864Z] >>> [apiv2][query] POST https://upload-firebasehosting.googleapis.com/upload/sites/binaire-freznel-assessme-73bb3/versions/a499aa20ccf1ecac/files/d0101eb58190df77081981c9668f53958923a0364569ec9a97bbda475380d280 [none]
[debug] [2026-09-10T08:54:46.864Z] >>> [apiv2][body] POST https://upload-firebasehosting.googleapis.com/upload/sites/binaire-freznel-assessme-73bb3/versions/a499aa20ccf1ecac/files/d0101eb58190df77081981c9668f53958923a0364569ec9a97bbda475380d280 [stream]
[debug] [2026-09-10T08:54:46.864Z] >>> [apiv2][query] POST https://upload-firebasehosting.googleapis.com/upload/sites/binaire-freznel-assessme-73bb3/versions/a499aa20ccf1ecac/files/b2816334a7c6928dc1139ec530205ee3ede28ccbf34b7965f58bdb0357b692df [none]
[debug] [2026-09-10T08:54:46.864Z] >>> [apiv2][body] POST https://upload-firebasehosting.googleapis.com/upload/sites/binaire-freznel-assessme-73bb3/versions/a499aa20ccf1ecac/files/b2816334a7c6928dc1139ec530205ee3ede28ccbf34b7965f58bdb0357b692df [stream]
[debug] [2026-09-10T08:54:46.864Z] >>> [apiv2][query] POST https://upload-firebasehosting.googleapis.com/upload/sites/binaire-freznel-assessme-73bb3/versions/a499aa20ccf1ecac/files/0e8c33c6c40c3413d8c5e49c2c4801ead417c381818fb05d850120b98fa21a31 [none]
[debug] [2026-09-10T08:54:46.864Z] >>> [apiv2][body] POST https://upload-firebasehosting.googleapis.com/upload/sites/binaire-freznel-assessme-73bb3/versions/a499aa20ccf1ecac/files/0e8c33c6c40c3413d8c5e49c2c4801ead417c381818fb05d850120b98fa21a31 [stream]
[debug] [2026-09-10T08:54:46.864Z] >>> [apiv2][query] POST https://upload-firebasehosting.googleapis.com/upload/sites/binaire-freznel-assessme-73bb3/versions/a499aa20ccf1ecac/files/c6258d110ac5b134dab1766801477aba9b355626b7de076f89505d764cbf52c8 [none]
[debug] [2026-09-10T08:54:46.864Z] >>> [apiv2][body] POST https://upload-firebasehosting.googleapis.com/upload/sites/binaire-freznel-assessme-73bb3/versions/a499aa20ccf1ecac/files/c6258d110ac5b134dab1766801477aba9b355626b7de076f89505d764cbf52c8 [stream]
[debug] [2026-09-10T08:54:46.865Z] >>> [apiv2][query] POST https://upload-firebasehosting.googleapis.com/upload/sites/binaire-freznel-assessme-73bb3/versions/a499aa20ccf1ecac/files/0804f906dc5191914cb4fa2d163a49e647e9ca36ef4cfc1351bd22cdd5808415 [none]
[debug] [2026-09-10T08:54:46.865Z] >>> [apiv2][body] POST https://upload-firebasehosting.googleapis.com/upload/sites/binaire-freznel-assessme-73bb3/versions/a499aa20ccf1ecac/files/0804f906dc5191914cb4fa2d163a49e647e9ca36ef4cfc1351bd22cdd5808415 [stream]
[debug] [2026-09-10T08:54:46.865Z] >>> [apiv2][query] POST https://upload-firebasehosting.googleapis.com/upload/sites/binaire-freznel-assessme-73bb3/versions/a499aa20ccf1ecac/files/18e5d6c9853d09fdae2e3332451f244850afbb19732160448583fedcad52d2ed [none]
[debug] [2026-09-10T08:54:46.865Z] >>> [apiv2][body] POST https://upload-firebasehosting.googleapis.com/upload/sites/binaire-freznel-assessme-73bb3/versions/a499aa20ccf1ecac/files/18e5d6c9853d09fdae2e3332451f244850afbb19732160448583fedcad52d2ed [stream]
[debug] [2026-09-10T08:54:46.865Z] >>> [apiv2][query] POST https://upload-firebasehosting.googleapis.com/upload/sites/binaire-freznel-assessme-73bb3/versions/a499aa20ccf1ecac/files/526c3dc96ff3790e5b5a620b97d076972b9c2f1870f2eaaa9d98990b5b009049 [none]
[debug] [2026-09-10T08:54:46.865Z] >>> [apiv2][body] POST https://upload-firebasehosting.googleapis.com/upload/sites/binaire-freznel-assessme-73bb3/versions/a499aa20ccf1ecac/files/526c3dc96ff3790e5b5a620b97d076972b9c2f1870f2eaaa9d98990b5b009049 [stream]
[debug] [2026-09-10T08:54:46.865Z] >>> [apiv2][query] POST https://upload-firebasehosting.googleapis.com/upload/sites/binaire-freznel-assessme-73bb3/versions/a499aa20ccf1ecac/files/21698bb9cc236ed557dfd28414c4c46a690d7fb639a6f8c3a236a941ae14243e [none]
[debug] [2026-09-10T08:54:46.865Z] >>> [apiv2][body] POST https://upload-firebasehosting.googleapis.com/upload/sites/binaire-freznel-assessme-73bb3/versions/a499aa20ccf1ecac/files/21698bb9cc236ed557dfd28414c4c46a690d7fb639a6f8c3a236a941ae14243e [stream]
[debug] [2026-09-10T08:54:46.866Z] >>> [apiv2][query] POST https://upload-firebasehosting.googleapis.com/upload/sites/binaire-freznel-assessme-73bb3/versions/a499aa20ccf1ecac/files/dc524eba7da6829a8ff9e95a55d232f02a18f5d4311489246c3f65ffb7855331 [none]
[debug] [2026-09-10T08:54:46.866Z] >>> [apiv2][body] POST https://upload-firebasehosting.googleapis.com/upload/sites/binaire-freznel-assessme-73bb3/versions/a499aa20ccf1ecac/files/dc524eba7da6829a8ff9e95a55d232f02a18f5d4311489246c3f65ffb7855331 [stream]
[debug] [2026-09-10T08:54:46.866Z] >>> [apiv2][query] POST https://upload-firebasehosting.googleapis.com/upload/sites/binaire-freznel-assessme-73bb3/versions/a499aa20ccf1ecac/files/339ec46f72b1b9f2ef244f192278f2366d0e9dcdf405ae1cebd135c3ec984545 [none]
[debug] [2026-09-10T08:54:46.866Z] >>> [apiv2][body] POST https://upload-firebasehosting.googleapis.com/upload/sites/binaire-freznel-assessme-73bb3/versions/a499aa20ccf1ecac/files/339ec46f72b1b9f2ef244f192278f2366d0e9dcdf405ae1cebd135c3ec984545 [stream]
[debug] [2026-09-10T08:54:46.866Z] >>> [apiv2][query] POST https://upload-firebasehosting.googleapis.com/upload/sites/binaire-freznel-assessme-73bb3/versions/a499aa20ccf1ecac/files/a417070355d35beb61dc1ce065f5433c43237f5afe980997a493ad4f69e6864f [none]
[debug] [2026-09-10T08:54:46.866Z] >>> [apiv2][body] POST https://upload-firebasehosting.googleapis.com/upload/sites/binaire-freznel-assessme-73bb3/versions/a499aa20ccf1ecac/files/a417070355d35beb61dc1ce065f5433c43237f5afe980997a493ad4f69e6864f [stream]
[debug] [2026-09-10T08:54:46.866Z] >>> [apiv2][query] POST https://upload-firebasehosting.googleapis.com/upload/sites/binaire-freznel-assessme-73bb3/versions/a499aa20ccf1ecac/files/88da9ed57a844f059250edd628e7fdc1f9316cf6b50d99ba432ea344714927ef [none]
[debug] [2026-09-10T08:54:46.866Z] >>> [apiv2][body] POST https://upload-firebasehosting.googleapis.com/upload/sites/binaire-freznel-assessme-73bb3/versions/a499aa20ccf1ecac/files/88da9ed57a844f059250edd628e7fdc1f9316cf6b50d99ba432ea344714927ef [stream]
[debug] [2026-09-10T08:54:46.867Z] >>> [apiv2][query] POST https://upload-firebasehosting.googleapis.com/upload/sites/binaire-freznel-assessme-73bb3/versions/a499aa20ccf1ecac/files/ef42ce795eb5caff1ae7fe52fc9857ae3f932f40d91eddabe828e65f0f52a7ff [none]
[debug] [2026-09-10T08:54:46.867Z] >>> [apiv2][body] POST https://upload-firebasehosting.googleapis.com/upload/sites/binaire-freznel-assessme-73bb3/versions/a499aa20ccf1ecac/files/ef42ce795eb5caff1ae7fe52fc9857ae3f932f40d91eddabe828e65f0f52a7ff [stream]
[debug] [2026-09-10T08:54:46.867Z] >>> [apiv2][query] POST https://upload-firebasehosting.googleapis.com/upload/sites/binaire-freznel-assessme-73bb3/versions/a499aa20ccf1ecac/files/2f125b57700a62248013d67b9f40309530aca4b69c144934864266ec063c2733 [none]
[debug] [2026-09-10T08:54:46.867Z] >>> [apiv2][body] POST https://upload-firebasehosting.googleapis.com/upload/sites/binaire-freznel-assessme-73bb3/versions/a499aa20ccf1ecac/files/2f125b57700a62248013d67b9f40309530aca4b69c144934864266ec063c2733 [stream]
[debug] [2026-09-10T08:54:46.867Z] >>> [apiv2][query] POST https://upload-firebasehosting.googleapis.com/upload/sites/binaire-freznel-assessme-73bb3/versions/a499aa20ccf1ecac/files/75a72c2aab86802533424da0826adeff43cfb0d85676e5cc1234eeee67666386 [none]
[debug] [2026-09-10T08:54:46.867Z] >>> [apiv2][body] POST https://upload-firebasehosting.googleapis.com/upload/sites/binaire-freznel-assessme-73bb3/versions/a499aa20ccf1ecac/files/75a72c2aab86802533424da0826adeff43cfb0d85676e5cc1234eeee67666386 [stream]
[debug] [2026-09-10T08:54:46.867Z] >>> [apiv2][query] POST https://upload-firebasehosting.googleapis.com/upload/sites/binaire-freznel-assessme-73bb3/versions/a499aa20ccf1ecac/files/caa8b2060a55e49595273af0adb00a52dd809c7a1c0b6d8195fdc641dce8fd32 [none]
[debug] [2026-09-10T08:54:46.867Z] >>> [apiv2][body] POST https://upload-firebasehosting.googleapis.com/upload/sites/binaire-freznel-assessme-73bb3/versions/a499aa20ccf1ecac/files/caa8b2060a55e49595273af0adb00a52dd809c7a1c0b6d8195fdc641dce8fd32 [stream]
[debug] [2026-09-10T08:54:46.868Z] >>> [apiv2][query] POST https://upload-firebasehosting.googleapis.com/upload/sites/binaire-freznel-assessme-73bb3/versions/a499aa20ccf1ecac/files/8fb0db9cdee09dc7f7132eff783d2e4c4f78adb54170d700cf46f664567a1fe7 [none]
[debug] [2026-09-10T08:54:46.868Z] >>> [apiv2][body] POST https://upload-firebasehosting.googleapis.com/upload/sites/binaire-freznel-assessme-73bb3/versions/a499aa20ccf1ecac/files/8fb0db9cdee09dc7f7132eff783d2e4c4f78adb54170d700cf46f664567a1fe7 [stream]
[debug] [2026-09-10T08:54:46.868Z] >>> [apiv2][query] POST https://upload-firebasehosting.googleapis.com/upload/sites/binaire-freznel-assessme-73bb3/versions/a499aa20ccf1ecac/files/f5058edd5d6cb154527c46c026f39cfbf18a3cfb4b3ad5bf866e669379ffece8 [none]
[debug] [2026-09-10T08:54:46.868Z] >>> [apiv2][body] POST https://upload-firebasehosting.googleapis.com/upload/sites/binaire-freznel-assessme-73bb3/versions/a499aa20ccf1ecac/files/f5058edd5d6cb154527c46c026f39cfbf18a3cfb4b3ad5bf866e669379ffece8 [stream]
[debug] [2026-09-10T08:54:46.868Z] >>> [apiv2][query] POST https://upload-firebasehosting.googleapis.com/upload/sites/binaire-freznel-assessme-73bb3/versions/a499aa20ccf1ecac/files/f328422abd31c4b00567d29f4c1567f94466c77837b40037d75c78a031ff9eca [none]
[debug] [2026-09-10T08:54:46.868Z] >>> [apiv2][body] POST https://upload-firebasehosting.googleapis.com/upload/sites/binaire-freznel-assessme-73bb3/versions/a499aa20ccf1ecac/files/f328422abd31c4b00567d29f4c1567f94466c77837b40037d75c78a031ff9eca [stream]
[debug] [2026-09-10T08:54:46.868Z] >>> [apiv2][query] POST https://upload-firebasehosting.googleapis.com/upload/sites/binaire-freznel-assessme-73bb3/versions/a499aa20ccf1ecac/files/d48db705a68aebd52f88049864dd84ec0b09ebe344ae5a99f05e625ddee60445 [none]
[debug] [2026-09-10T08:54:46.868Z] >>> [apiv2][body] POST https://upload-firebasehosting.googleapis.com/upload/sites/binaire-freznel-assessme-73bb3/versions/a499aa20ccf1ecac/files/d48db705a68aebd52f88049864dd84ec0b09ebe344ae5a99f05e625ddee60445 [stream]
[debug] [2026-09-10T08:54:46.869Z] >>> [apiv2][query] POST https://upload-firebasehosting.googleapis.com/upload/sites/binaire-freznel-assessme-73bb3/versions/a499aa20ccf1ecac/files/22e13d8a7a1be8a43515e33d8daf3711bc846ce2268766e22d58d3e9dee73db4 [none]
[debug] [2026-09-10T08:54:46.869Z] >>> [apiv2][body] POST https://upload-firebasehosting.googleapis.com/upload/sites/binaire-freznel-assessme-73bb3/versions/a499aa20ccf1ecac/files/22e13d8a7a1be8a43515e33d8daf3711bc846ce2268766e22d58d3e9dee73db4 [stream]
[debug] [2026-09-10T08:54:46.869Z] >>> [apiv2][query] POST https://upload-firebasehosting.googleapis.com/upload/sites/binaire-freznel-assessme-73bb3/versions/a499aa20ccf1ecac/files/0d10798466916be079b3eebbfd06033dca51c3a8e98a615b7125d035491b3658 [none]
[debug] [2026-09-10T08:54:46.869Z] >>> [apiv2][body] POST https://upload-firebasehosting.googleapis.com/upload/sites/binaire-freznel-assessme-73bb3/versions/a499aa20ccf1ecac/files/0d10798466916be079b3eebbfd06033dca51c3a8e98a615b7125d035491b3658 [stream]
[debug] [2026-09-10T08:54:46.869Z] >>> [apiv2][query] POST https://upload-firebasehosting.googleapis.com/upload/sites/binaire-freznel-assessme-73bb3/versions/a499aa20ccf1ecac/files/a6bd64c4353c4e4d10c383b82dd199b5e6c7426d727744481b03a28505e622ef [none]
[debug] [2026-09-10T08:54:46.869Z] >>> [apiv2][body] POST https://upload-firebasehosting.googleapis.com/upload/sites/binaire-freznel-assessme-73bb3/versions/a499aa20ccf1ecac/files/a6bd64c4353c4e4d10c383b82dd199b5e6c7426d727744481b03a28505e622ef [stream]
[debug] [2026-09-10T08:54:46.869Z] >>> [apiv2][query] POST https://upload-firebasehosting.googleapis.com/upload/sites/binaire-freznel-assessme-73bb3/versions/a499aa20ccf1ecac/files/717c5f5d6f27c1d8bb3839db88307ae156662ed346b102d84a518e6a8ae5e0cf [none]
[debug] [2026-09-10T08:54:46.869Z] >>> [apiv2][body] POST https://upload-firebasehosting.googleapis.com/upload/sites/binaire-freznel-assessme-73bb3/versions/a499aa20ccf1ecac/files/717c5f5d6f27c1d8bb3839db88307ae156662ed346b102d84a518e6a8ae5e0cf [stream]
[debug] [2026-09-10T08:54:46.870Z] >>> [apiv2][query] POST https://upload-firebasehosting.googleapis.com/upload/sites/binaire-freznel-assessme-73bb3/versions/a499aa20ccf1ecac/files/d6494d8e56cff30d8841deff5eb122f5f6ca063931bfa9243fcc12ee6bc2abef [none]
[debug] [2026-09-10T08:54:46.870Z] >>> [apiv2][body] POST https://upload-firebasehosting.googleapis.com/upload/sites/binaire-freznel-assessme-73bb3/versions/a499aa20ccf1ecac/files/d6494d8e56cff30d8841deff5eb122f5f6ca063931bfa9243fcc12ee6bc2abef [stream]
[debug] [2026-09-10T08:54:46.870Z] >>> [apiv2][query] POST https://upload-firebasehosting.googleapis.com/upload/sites/binaire-freznel-assessme-73bb3/versions/a499aa20ccf1ecac/files/0f5d56efe56c5dcabb387d965aad58d0f60a3b7485cb9b04bef04b93bebf911e [none]
[debug] [2026-09-10T08:54:46.870Z] >>> [apiv2][body] POST https://upload-firebasehosting.googleapis.com/upload/sites/binaire-freznel-assessme-73bb3/versions/a499aa20ccf1ecac/files/0f5d56efe56c5dcabb387d965aad58d0f60a3b7485cb9b04bef04b93bebf911e [stream]
[debug] [2026-09-10T08:54:46.870Z] >>> [apiv2][query] POST https://upload-firebasehosting.googleapis.com/upload/sites/binaire-freznel-assessme-73bb3/versions/a499aa20ccf1ecac/files/d8522698f5d2bfd91feb645006b223bedbf77d2edc01919ea01aa0ec43731d37 [none]
[debug] [2026-09-10T08:54:46.870Z] >>> [apiv2][body] POST https://upload-firebasehosting.googleapis.com/upload/sites/binaire-freznel-assessme-73bb3/versions/a499aa20ccf1ecac/files/d8522698f5d2bfd91feb645006b223bedbf77d2edc01919ea01aa0ec43731d37 [stream]
[debug] [2026-09-10T08:54:46.870Z] >>> [apiv2][query] POST https://upload-firebasehosting.googleapis.com/upload/sites/binaire-freznel-assessme-73bb3/versions/a499aa20ccf1ecac/files/0e11f8b6106859efeeb31a7bf2df6aec310f913935524c13091193043efedaae [none]
[debug] [2026-09-10T08:54:46.870Z] >>> [apiv2][body] POST https://upload-firebasehosting.googleapis.com/upload/sites/binaire-freznel-assessme-73bb3/versions/a499aa20ccf1ecac/files/0e11f8b6106859efeeb31a7bf2df6aec310f913935524c13091193043efedaae [stream]
[debug] [2026-09-10T08:54:46.870Z] >>> [apiv2][query] POST https://upload-firebasehosting.googleapis.com/upload/sites/binaire-freznel-assessme-73bb3/versions/a499aa20ccf1ecac/files/138ea1b518f997a536ac86444d41c2782cf8bf7fdb46ac5282b4511bbee0f547 [none]
[debug] [2026-09-10T08:54:46.870Z] >>> [apiv2][body] POST https://upload-firebasehosting.googleapis.com/upload/sites/binaire-freznel-assessme-73bb3/versions/a499aa20ccf1ecac/files/138ea1b518f997a536ac86444d41c2782cf8bf7fdb46ac5282b4511bbee0f547 [stream]
[debug] [2026-09-10T08:54:46.870Z] >>> [apiv2][query] POST https://upload-firebasehosting.googleapis.com/upload/sites/binaire-freznel-assessme-73bb3/versions/a499aa20ccf1ecac/files/5b2779c3ed0b7da675ed61b74eabb19d1dd7ff5e88f200e01231c53353148b87 [none]
[debug] [2026-09-10T08:54:46.870Z] >>> [apiv2][body] POST https://upload-firebasehosting.googleapis.com/upload/sites/binaire-freznel-assessme-73bb3/versions/a499aa20ccf1ecac/files/5b2779c3ed0b7da675ed61b74eabb19d1dd7ff5e88f200e01231c53353148b87 [stream]
[debug] [2026-09-10T08:54:46.871Z] >>> [apiv2][query] POST https://upload-firebasehosting.googleapis.com/upload/sites/binaire-freznel-assessme-73bb3/versions/a499aa20ccf1ecac/files/b39a0b26c57ac74b8e7c54e3115b3315bdb0a3c02dec0c56e49737ac380a03c9 [none]
[debug] [2026-09-10T08:54:46.871Z] >>> [apiv2][body] POST https://upload-firebasehosting.googleapis.com/upload/sites/binaire-freznel-assessme-73bb3/versions/a499aa20ccf1ecac/files/b39a0b26c57ac74b8e7c54e3115b3315bdb0a3c02dec0c56e49737ac380a03c9 [stream]
[debug] [2026-09-10T08:54:46.871Z] >>> [apiv2][query] POST https://upload-firebasehosting.googleapis.com/upload/sites/binaire-freznel-assessme-73bb3/versions/a499aa20ccf1ecac/files/099704e7c1d1412ba20869447e6556f0780692911dc24ac2f3fa96dc99a652c3 [none]
[debug] [2026-09-10T08:54:46.871Z] >>> [apiv2][body] POST https://upload-firebasehosting.googleapis.com/upload/sites/binaire-freznel-assessme-73bb3/versions/a499aa20ccf1ecac/files/099704e7c1d1412ba20869447e6556f0780692911dc24ac2f3fa96dc99a652c3 [stream]
[debug] [2026-09-10T08:54:46.871Z] >>> [apiv2][query] POST https://upload-firebasehosting.googleapis.com/upload/sites/binaire-freznel-assessme-73bb3/versions/a499aa20ccf1ecac/files/34e6cc85cf33d0ee09e19997212d999260696a9a903140a50b0876c0d923347d [none]
[debug] [2026-09-10T08:54:46.871Z] >>> [apiv2][body] POST https://upload-firebasehosting.googleapis.com/upload/sites/binaire-freznel-assessme-73bb3/versions/a499aa20ccf1ecac/files/34e6cc85cf33d0ee09e19997212d999260696a9a903140a50b0876c0d923347d [stream]
[debug] [2026-09-10T08:54:46.871Z] >>> [apiv2][query] POST https://upload-firebasehosting.googleapis.com/upload/sites/binaire-freznel-assessme-73bb3/versions/a499aa20ccf1ecac/files/8d5e130d67daeb6163f4ddf033deb6ab7d253f340501086eb876e2dd73baed0a [none]
[debug] [2026-09-10T08:54:46.871Z] >>> [apiv2][body] POST https://upload-firebasehosting.googleapis.com/upload/sites/binaire-freznel-assessme-73bb3/versions/a499aa20ccf1ecac/files/8d5e130d67daeb6163f4ddf033deb6ab7d253f340501086eb876e2dd73baed0a [stream]
[debug] [2026-09-10T08:54:46.871Z] >>> [apiv2][query] POST https://upload-firebasehosting.googleapis.com/upload/sites/binaire-freznel-assessme-73bb3/versions/a499aa20ccf1ecac/files/dd68c1c4e42e7946d2a1c8949fa01f79840f6de98b0d692b439ee469ea5a841c [none]
[debug] [2026-09-10T08:54:46.871Z] >>> [apiv2][body] POST https://upload-firebasehosting.googleapis.com/upload/sites/binaire-freznel-assessme-73bb3/versions/a499aa20ccf1ecac/files/dd68c1c4e42e7946d2a1c8949fa01f79840f6de98b0d692b439ee469ea5a841c [stream]
[debug] [2026-09-10T08:54:46.871Z] >>> [apiv2][query] POST https://upload-firebasehosting.googleapis.com/upload/sites/binaire-freznel-assessme-73bb3/versions/a499aa20ccf1ecac/files/2dcad23add66756d8c58cbc981561d9da9bcb1126604c580d058ff99d48731ef [none]
[debug] [2026-09-10T08:54:46.871Z] >>> [apiv2][body] POST https://upload-firebasehosting.googleapis.com/upload/sites/binaire-freznel-assessme-73bb3/versions/a499aa20ccf1ecac/files/2dcad23add66756d8c58cbc981561d9da9bcb1126604c580d058ff99d48731ef [stream]
[debug] [2026-09-10T08:54:46.872Z] >>> [apiv2][query] POST https://upload-firebasehosting.googleapis.com/upload/sites/binaire-freznel-assessme-73bb3/versions/a499aa20ccf1ecac/files/ff75477e599d09c9615d47c8ee06d5253057440c443a42192ef5109fe55ff4e0 [none]
[debug] [2026-09-10T08:54:46.872Z] >>> [apiv2][body] POST https://upload-firebasehosting.googleapis.com/upload/sites/binaire-freznel-assessme-73bb3/versions/a499aa20ccf1ecac/files/ff75477e599d09c9615d47c8ee06d5253057440c443a42192ef5109fe55ff4e0 [stream]
[debug] [2026-09-10T08:54:46.872Z] >>> [apiv2][query] POST https://upload-firebasehosting.googleapis.com/upload/sites/binaire-freznel-assessme-73bb3/versions/a499aa20ccf1ecac/files/3f5668a86329ee2f1fc5151d83fadf02b79cb69b5328c191c51ac7c17638223a [none]
[debug] [2026-09-10T08:54:46.872Z] >>> [apiv2][body] POST https://upload-firebasehosting.googleapis.com/upload/sites/binaire-freznel-assessme-73bb3/versions/a499aa20ccf1ecac/files/3f5668a86329ee2f1fc5151d83fadf02b79cb69b5328c191c51ac7c17638223a [stream]
[debug] [2026-09-10T08:54:46.872Z] >>> [apiv2][query] POST https://upload-firebasehosting.googleapis.com/upload/sites/binaire-freznel-assessme-73bb3/versions/a499aa20ccf1ecac/files/1c371d5a14ee072c54446e5276a99e1aad2bfec4a1e552fa721be99c1f47732a [none]
[debug] [2026-09-10T08:54:46.872Z] >>> [apiv2][body] POST https://upload-firebasehosting.googleapis.com/upload/sites/binaire-freznel-assessme-73bb3/versions/a499aa20ccf1ecac/files/1c371d5a14ee072c54446e5276a99e1aad2bfec4a1e552fa721be99c1f47732a [stream]
[debug] [2026-09-10T08:54:46.872Z] >>> [apiv2][query] POST https://upload-firebasehosting.googleapis.com/upload/sites/binaire-freznel-assessme-73bb3/versions/a499aa20ccf1ecac/files/f188218402b1683652ec08172919ffa1917991179c9ccd8a1837ad05cb0498a0 [none]
[debug] [2026-09-10T08:54:46.872Z] >>> [apiv2][body] POST https://upload-firebasehosting.googleapis.com/upload/sites/binaire-freznel-assessme-73bb3/versions/a499aa20ccf1ecac/files/f188218402b1683652ec08172919ffa1917991179c9ccd8a1837ad05cb0498a0 [stream]
[debug] [2026-09-10T08:54:46.872Z] >>> [apiv2][query] POST https://upload-firebasehosting.googleapis.com/upload/sites/binaire-freznel-assessme-73bb3/versions/a499aa20ccf1ecac/files/a04184bc97bb128eda296612807459cda63658461d1f9391149b8d696493bb3f [none]
[debug] [2026-09-10T08:54:46.872Z] >>> [apiv2][body] POST https://upload-firebasehosting.googleapis.com/upload/sites/binaire-freznel-assessme-73bb3/versions/a499aa20ccf1ecac/files/a04184bc97bb128eda296612807459cda63658461d1f9391149b8d696493bb3f [stream]
[debug] [2026-09-10T08:54:46.872Z] >>> [apiv2][query] POST https://upload-firebasehosting.googleapis.com/upload/sites/binaire-freznel-assessme-73bb3/versions/a499aa20ccf1ecac/files/a6840dfc76ee8dfee3e23b319c313802f5a311aec7bdac618ff47e659a2ce998 [none]
[debug] [2026-09-10T08:54:46.872Z] >>> [apiv2][body] POST https://upload-firebasehosting.googleapis.com/upload/sites/binaire-freznel-assessme-73bb3/versions/a499aa20ccf1ecac/files/a6840dfc76ee8dfee3e23b319c313802f5a311aec7bdac618ff47e659a2ce998 [stream]
[debug] [2026-09-10T08:54:46.873Z] >>> [apiv2][query] POST https://upload-firebasehosting.googleapis.com/upload/sites/binaire-freznel-assessme-73bb3/versions/a499aa20ccf1ecac/files/00e4017da578b1c37fe0674b8aa62cd8f17217a2ade2ffc2b4ccddf4afd184fb [none]
[debug] [2026-09-10T08:54:46.873Z] >>> [apiv2][body] POST https://upload-firebasehosting.googleapis.com/upload/sites/binaire-freznel-assessme-73bb3/versions/a499aa20ccf1ecac/files/00e4017da578b1c37fe0674b8aa62cd8f17217a2ade2ffc2b4ccddf4afd184fb [stream]
[debug] [2026-09-10T08:54:46.873Z] >>> [apiv2][query] POST https://upload-firebasehosting.googleapis.com/upload/sites/binaire-freznel-assessme-73bb3/versions/a499aa20ccf1ecac/files/3645bfa20cd210f760f8e00fde19ec9d2a199caf90ca63c0c003611353f427d8 [none]
[debug] [2026-09-10T08:54:46.873Z] >>> [apiv2][body] POST https://upload-firebasehosting.googleapis.com/upload/sites/binaire-freznel-assessme-73bb3/versions/a499aa20ccf1ecac/files/3645bfa20cd210f760f8e00fde19ec9d2a199caf90ca63c0c003611353f427d8 [stream]
[debug] [2026-09-10T08:54:46.873Z] >>> [apiv2][query] POST https://upload-firebasehosting.googleapis.com/upload/sites/binaire-freznel-assessme-73bb3/versions/a499aa20ccf1ecac/files/2b2ca0e45ed128d9c96b91e491cc48d64bec04b3225fbde5f0a5b7757c479ba0 [none]
[debug] [2026-09-10T08:54:46.873Z] >>> [apiv2][body] POST https://upload-firebasehosting.googleapis.com/upload/sites/binaire-freznel-assessme-73bb3/versions/a499aa20ccf1ecac/files/2b2ca0e45ed128d9c96b91e491cc48d64bec04b3225fbde5f0a5b7757c479ba0 [stream]
[debug] [2026-09-10T08:54:46.873Z] >>> [apiv2][query] POST https://upload-firebasehosting.googleapis.com/upload/sites/binaire-freznel-assessme-73bb3/versions/a499aa20ccf1ecac/files/1b384640d6800d08b347dca84cbce95473fe0aa6aa082c21aaccbdabecdc4ae3 [none]
[debug] [2026-09-10T08:54:46.873Z] >>> [apiv2][body] POST https://upload-firebasehosting.googleapis.com/upload/sites/binaire-freznel-assessme-73bb3/versions/a499aa20ccf1ecac/files/1b384640d6800d08b347dca84cbce95473fe0aa6aa082c21aaccbdabecdc4ae3 [stream]
[debug] [2026-09-10T08:54:46.873Z] >>> [apiv2][query] POST https://upload-firebasehosting.googleapis.com/upload/sites/binaire-freznel-assessme-73bb3/versions/a499aa20ccf1ecac/files/0f02bf8dbc1e92bd07d4e21959ebd08823d148351736ef566a32249ffd177c1d [none]
[debug] [2026-09-10T08:54:46.873Z] >>> [apiv2][body] POST https://upload-firebasehosting.googleapis.com/upload/sites/binaire-freznel-assessme-73bb3/versions/a499aa20ccf1ecac/files/0f02bf8dbc1e92bd07d4e21959ebd08823d148351736ef566a32249ffd177c1d [stream]
[debug] [2026-09-10T08:54:46.873Z] >>> [apiv2][query] POST https://upload-firebasehosting.googleapis.com/upload/sites/binaire-freznel-assessme-73bb3/versions/a499aa20ccf1ecac/files/986d61dc12bfe0e22453ae2d5cf0b596b05243f6f55d9a5aa82d34123b547d76 [none]
[debug] [2026-09-10T08:54:46.873Z] >>> [apiv2][body] POST https://upload-firebasehosting.googleapis.com/upload/sites/binaire-freznel-assessme-73bb3/versions/a499aa20ccf1ecac/files/986d61dc12bfe0e22453ae2d5cf0b596b05243f6f55d9a5aa82d34123b547d76 [stream]
[debug] [2026-09-10T08:54:46.874Z] >>> [apiv2][query] POST https://upload-firebasehosting.googleapis.com/upload/sites/binaire-freznel-assessme-73bb3/versions/a499aa20ccf1ecac/files/6b577a4328c44842f3d8c8c8f0cf75607ee1322fbc0c6c9bb6c881edc935d64d [none]
[debug] [2026-09-10T08:54:46.874Z] >>> [apiv2][body] POST https://upload-firebasehosting.googleapis.com/upload/sites/binaire-freznel-assessme-73bb3/versions/a499aa20ccf1ecac/files/6b577a4328c44842f3d8c8c8f0cf75607ee1322fbc0c6c9bb6c881edc935d64d [stream]
[debug] [2026-09-10T08:54:46.874Z] >>> [apiv2][query] POST https://upload-firebasehosting.googleapis.com/upload/sites/binaire-freznel-assessme-73bb3/versions/a499aa20ccf1ecac/files/76cb0b6a560d430a4f9caba890de3a584b8a65631509fd5ec5c7b14d1747802a [none]
[debug] [2026-09-10T08:54:46.874Z] >>> [apiv2][body] POST https://upload-firebasehosting.googleapis.com/upload/sites/binaire-freznel-assessme-73bb3/versions/a499aa20ccf1ecac/files/76cb0b6a560d430a4f9caba890de3a584b8a65631509fd5ec5c7b14d1747802a [stream]
[debug] [2026-09-10T08:54:46.874Z] >>> [apiv2][query] POST https://upload-firebasehosting.googleapis.com/upload/sites/binaire-freznel-assessme-73bb3/versions/a499aa20ccf1ecac/files/69bb73fa446dc095401aebeed6e9567f148a70b49dddb7007d7dd0bd2758a570 [none]
[debug] [2026-09-10T08:54:46.874Z] >>> [apiv2][body] POST https://upload-firebasehosting.googleapis.com/upload/sites/binaire-freznel-assessme-73bb3/versions/a499aa20ccf1ecac/files/69bb73fa446dc095401aebeed6e9567f148a70b49dddb7007d7dd0bd2758a570 [stream]
[debug] [2026-09-10T08:54:46.874Z] >>> [apiv2][query] POST https://upload-firebasehosting.googleapis.com/upload/sites/binaire-freznel-assessme-73bb3/versions/a499aa20ccf1ecac/files/233eb4792ce783ee1bbb334b9e21c04a5b1e2c9c4adce2cb06045134de8eb2c5 [none]
[debug] [2026-09-10T08:54:46.874Z] >>> [apiv2][body] POST https://upload-firebasehosting.googleapis.com/upload/sites/binaire-freznel-assessme-73bb3/versions/a499aa20ccf1ecac/files/233eb4792ce783ee1bbb334b9e21c04a5b1e2c9c4adce2cb06045134de8eb2c5 [stream]
[debug] [2026-09-10T08:54:46.874Z] >>> [apiv2][query] POST https://upload-firebasehosting.googleapis.com/upload/sites/binaire-freznel-assessme-73bb3/versions/a499aa20ccf1ecac/files/f999a63d81f49cb369d30471727c13a28bbf228128bfa3735fef87d250e85603 [none]
[debug] [2026-09-10T08:54:46.874Z] >>> [apiv2][body] POST https://upload-firebasehosting.googleapis.com/upload/sites/binaire-freznel-assessme-73bb3/versions/a499aa20ccf1ecac/files/f999a63d81f49cb369d30471727c13a28bbf228128bfa3735fef87d250e85603 [stream]
[debug] [2026-09-10T08:54:46.874Z] >>> [apiv2][query] POST https://upload-firebasehosting.googleapis.com/upload/sites/binaire-freznel-assessme-73bb3/versions/a499aa20ccf1ecac/files/73d4d7b11a903fb060c903fd62c6e1562b3603e7d457039c719d8184367eec2c [none]
[debug] [2026-09-10T08:54:46.875Z] >>> [apiv2][body] POST https://upload-firebasehosting.googleapis.com/upload/sites/binaire-freznel-assessme-73bb3/versions/a499aa20ccf1ecac/files/73d4d7b11a903fb060c903fd62c6e1562b3603e7d457039c719d8184367eec2c [stream]
[debug] [2026-09-10T08:54:46.875Z] >>> [apiv2][query] POST https://upload-firebasehosting.googleapis.com/upload/sites/binaire-freznel-assessme-73bb3/versions/a499aa20ccf1ecac/files/41d2996494f927ecdf1e3fffa570a88270095b50e2e89d5ddadcd80886493968 [none]
[debug] [2026-09-10T08:54:46.875Z] >>> [apiv2][body] POST https://upload-firebasehosting.googleapis.com/upload/sites/binaire-freznel-assessme-73bb3/versions/a499aa20ccf1ecac/files/41d2996494f927ecdf1e3fffa570a88270095b50e2e89d5ddadcd80886493968 [stream]
[debug] [2026-09-10T08:54:46.875Z] >>> [apiv2][query] POST https://upload-firebasehosting.googleapis.com/upload/sites/binaire-freznel-assessme-73bb3/versions/a499aa20ccf1ecac/files/fff736ba0e9676c9e036764a6a651e6c8fab6155016bcae487b9084feceaa70f [none]
[debug] [2026-09-10T08:54:46.875Z] >>> [apiv2][body] POST https://upload-firebasehosting.googleapis.com/upload/sites/binaire-freznel-assessme-73bb3/versions/a499aa20ccf1ecac/files/fff736ba0e9676c9e036764a6a651e6c8fab6155016bcae487b9084feceaa70f [stream]
[debug] [2026-09-10T08:54:46.875Z] >>> [apiv2][query] POST https://upload-firebasehosting.googleapis.com/upload/sites/binaire-freznel-assessme-73bb3/versions/a499aa20ccf1ecac/files/d80717aec73322e5b189c52f5d2f13033fd07d1702a21c5395583d89cf7c8c2d [none]
[debug] [2026-09-10T08:54:46.875Z] >>> [apiv2][body] POST https://upload-firebasehosting.googleapis.com/upload/sites/binaire-freznel-assessme-73bb3/versions/a499aa20ccf1ecac/files/d80717aec73322e5b189c52f5d2f13033fd07d1702a21c5395583d89cf7c8c2d [stream]
[debug] [2026-09-10T08:54:46.875Z] >>> [apiv2][query] POST https://upload-firebasehosting.googleapis.com/upload/sites/binaire-freznel-assessme-73bb3/versions/a499aa20ccf1ecac/files/42815a32b58b7ca99c6b12eb291283f74ad13451dc0a6f952c5c336418379851 [none]
[debug] [2026-09-10T08:54:46.875Z] >>> [apiv2][body] POST https://upload-firebasehosting.googleapis.com/upload/sites/binaire-freznel-assessme-73bb3/versions/a499aa20ccf1ecac/files/42815a32b58b7ca99c6b12eb291283f74ad13451dc0a6f952c5c336418379851 [stream]
[debug] [2026-09-10T08:54:46.875Z] >>> [apiv2][query] POST https://upload-firebasehosting.googleapis.com/upload/sites/binaire-freznel-assessme-73bb3/versions/a499aa20ccf1ecac/files/82a5952ca03a51096ac91b8e031213b64d5ba16b661ce2f1041a33526bd46202 [none]
[debug] [2026-09-10T08:54:46.875Z] >>> [apiv2][body] POST https://upload-firebasehosting.googleapis.com/upload/sites/binaire-freznel-assessme-73bb3/versions/a499aa20ccf1ecac/files/82a5952ca03a51096ac91b8e031213b64d5ba16b661ce2f1041a33526bd46202 [stream]
[debug] [2026-09-10T08:54:46.875Z] >>> [apiv2][query] POST https://upload-firebasehosting.googleapis.com/upload/sites/binaire-freznel-assessme-73bb3/versions/a499aa20ccf1ecac/files/c26c9d9b93d16db36a8f40dd13dbe975c723cf8a131e038bd91941821f484224 [none]
[debug] [2026-09-10T08:54:46.875Z] >>> [apiv2][body] POST https://upload-firebasehosting.googleapis.com/upload/sites/binaire-freznel-assessme-73bb3/versions/a499aa20ccf1ecac/files/c26c9d9b93d16db36a8f40dd13dbe975c723cf8a131e038bd91941821f484224 [stream]
[debug] [2026-09-10T08:54:46.876Z] >>> [apiv2][query] POST https://upload-firebasehosting.googleapis.com/upload/sites/binaire-freznel-assessme-73bb3/versions/a499aa20ccf1ecac/files/4b6303ab72c3c53300402fa87effa6220f0386dac530d1adbb1a7a1ae6d16a1e [none]
[debug] [2026-09-10T08:54:46.876Z] >>> [apiv2][body] POST https://upload-firebasehosting.googleapis.com/upload/sites/binaire-freznel-assessme-73bb3/versions/a499aa20ccf1ecac/files/4b6303ab72c3c53300402fa87effa6220f0386dac530d1adbb1a7a1ae6d16a1e [stream]
[debug] [2026-09-10T08:54:46.876Z] >>> [apiv2][query] POST https://upload-firebasehosting.googleapis.com/upload/sites/binaire-freznel-assessme-73bb3/versions/a499aa20ccf1ecac/files/b37f214067380fbf0c8b179f4177fc10d6d5aec8e79241d8d92a6fb1fe5f0063 [none]
[debug] [2026-09-10T08:54:46.876Z] >>> [apiv2][body] POST https://upload-firebasehosting.googleapis.com/upload/sites/binaire-freznel-assessme-73bb3/versions/a499aa20ccf1ecac/files/b37f214067380fbf0c8b179f4177fc10d6d5aec8e79241d8d92a6fb1fe5f0063 [stream]
[debug] [2026-09-10T08:54:46.876Z] >>> [apiv2][query] POST https://upload-firebasehosting.googleapis.com/upload/sites/binaire-freznel-assessme-73bb3/versions/a499aa20ccf1ecac/files/21a62d89cbd2f17e3911891950337abc80443c46bb09a16e7c6377522fb61536 [none]
[debug] [2026-09-10T08:54:46.876Z] >>> [apiv2][body] POST https://upload-firebasehosting.googleapis.com/upload/sites/binaire-freznel-assessme-73bb3/versions/a499aa20ccf1ecac/files/21a62d89cbd2f17e3911891950337abc80443c46bb09a16e7c6377522fb61536 [stream]
[debug] [2026-09-10T08:54:46.876Z] >>> [apiv2][query] POST https://upload-firebasehosting.googleapis.com/upload/sites/binaire-freznel-assessme-73bb3/versions/a499aa20ccf1ecac/files/b10e235e8e631c62cf8970a23fcb25102f823e835384ecad0c7b1c463a2a6cb0 [none]
[debug] [2026-09-10T08:54:46.876Z] >>> [apiv2][body] POST https://upload-firebasehosting.googleapis.com/upload/sites/binaire-freznel-assessme-73bb3/versions/a499aa20ccf1ecac/files/b10e235e8e631c62cf8970a23fcb25102f823e835384ecad0c7b1c463a2a6cb0 [stream]
[debug] [2026-09-10T08:54:46.876Z] >>> [apiv2][query] POST https://upload-firebasehosting.googleapis.com/upload/sites/binaire-freznel-assessme-73bb3/versions/a499aa20ccf1ecac/files/f1b651238a58fe290baec6c5e32f3bdb1943dd2bd582f02569231f7a757c7837 [none]
[debug] [2026-09-10T08:54:46.876Z] >>> [apiv2][body] POST https://upload-firebasehosting.googleapis.com/upload/sites/binaire-freznel-assessme-73bb3/versions/a499aa20ccf1ecac/files/f1b651238a58fe290baec6c5e32f3bdb1943dd2bd582f02569231f7a757c7837 [stream]
[debug] [2026-09-10T08:54:46.876Z] >>> [apiv2][query] POST https://upload-firebasehosting.googleapis.com/upload/sites/binaire-freznel-assessme-73bb3/versions/a499aa20ccf1ecac/files/a8b1c92ead8342bf60b849ad99bed65089c6ccc142e467d62287307902055d72 [none]
[debug] [2026-09-10T08:54:46.876Z] >>> [apiv2][body] POST https://upload-firebasehosting.googleapis.com/upload/sites/binaire-freznel-assessme-73bb3/versions/a499aa20ccf1ecac/files/a8b1c92ead8342bf60b849ad99bed65089c6ccc142e467d62287307902055d72 [stream]
[debug] [2026-09-10T08:54:46.877Z] >>> [apiv2][query] POST https://upload-firebasehosting.googleapis.com/upload/sites/binaire-freznel-assessme-73bb3/versions/a499aa20ccf1ecac/files/bf74a53711b8329e7d210cd17648dae7060f12c92f7aa400ad02fdcebf4ed020 [none]
[debug] [2026-09-10T08:54:46.877Z] >>> [apiv2][body] POST https://upload-firebasehosting.googleapis.com/upload/sites/binaire-freznel-assessme-73bb3/versions/a499aa20ccf1ecac/files/bf74a53711b8329e7d210cd17648dae7060f12c92f7aa400ad02fdcebf4ed020 [stream]
[debug] [2026-09-10T08:54:46.877Z] >>> [apiv2][query] POST https://upload-firebasehosting.googleapis.com/upload/sites/binaire-freznel-assessme-73bb3/versions/a499aa20ccf1ecac/files/05e2538f2d0f41527f569815b5a6ed672f94b92885489617d275a4f641d51136 [none]
[debug] [2026-09-10T08:54:46.877Z] >>> [apiv2][body] POST https://upload-firebasehosting.googleapis.com/upload/sites/binaire-freznel-assessme-73bb3/versions/a499aa20ccf1ecac/files/05e2538f2d0f41527f569815b5a6ed672f94b92885489617d275a4f641d51136 [stream]
[debug] [2026-09-10T08:54:46.877Z] >>> [apiv2][query] POST https://upload-firebasehosting.googleapis.com/upload/sites/binaire-freznel-assessme-73bb3/versions/a499aa20ccf1ecac/files/1529d1fc447c5923633e840b49c3ae4c59bff411c503243ca6b9a384aa8a3083 [none]
[debug] [2026-09-10T08:54:46.877Z] >>> [apiv2][body] POST https://upload-firebasehosting.googleapis.com/upload/sites/binaire-freznel-assessme-73bb3/versions/a499aa20ccf1ecac/files/1529d1fc447c5923633e840b49c3ae4c59bff411c503243ca6b9a384aa8a3083 [stream]
[debug] [2026-09-10T08:54:46.877Z] >>> [apiv2][query] POST https://upload-firebasehosting.googleapis.com/upload/sites/binaire-freznel-assessme-73bb3/versions/a499aa20ccf1ecac/files/ce9e7bd8844daf9aa71436c02b8a7de067409e9d29b78e424e5d4d80185497fa [none]
[debug] [2026-09-10T08:54:46.877Z] >>> [apiv2][body] POST https://upload-firebasehosting.googleapis.com/upload/sites/binaire-freznel-assessme-73bb3/versions/a499aa20ccf1ecac/files/ce9e7bd8844daf9aa71436c02b8a7de067409e9d29b78e424e5d4d80185497fa [stream]
[debug] [2026-09-10T08:54:46.877Z] >>> [apiv2][query] POST https://upload-firebasehosting.googleapis.com/upload/sites/binaire-freznel-assessme-73bb3/versions/a499aa20ccf1ecac/files/b8d1772e280f8a0081ab2dac983a31c95a9a96c34d4aefaac0050f3d01606103 [none]
[debug] [2026-09-10T08:54:46.877Z] >>> [apiv2][body] POST https://upload-firebasehosting.googleapis.com/upload/sites/binaire-freznel-assessme-73bb3/versions/a499aa20ccf1ecac/files/b8d1772e280f8a0081ab2dac983a31c95a9a96c34d4aefaac0050f3d01606103 [stream]
[debug] [2026-09-10T08:54:46.877Z] >>> [apiv2][query] POST https://upload-firebasehosting.googleapis.com/upload/sites/binaire-freznel-assessme-73bb3/versions/a499aa20ccf1ecac/files/ed3b6838e6c2650fe5372a82b16e59ef08e08b6814016ab509764eea9e7faccf [none]
[debug] [2026-09-10T08:54:46.877Z] >>> [apiv2][body] POST https://upload-firebasehosting.googleapis.com/upload/sites/binaire-freznel-assessme-73bb3/versions/a499aa20ccf1ecac/files/ed3b6838e6c2650fe5372a82b16e59ef08e08b6814016ab509764eea9e7faccf [stream]
[debug] [2026-09-10T08:54:46.878Z] >>> [apiv2][query] POST https://upload-firebasehosting.googleapis.com/upload/sites/binaire-freznel-assessme-73bb3/versions/a499aa20ccf1ecac/files/b7a54d5455fc19bccd185cf962b3663cded734cb63dde5867d63450b6e8cbab3 [none]
[debug] [2026-09-10T08:54:46.878Z] >>> [apiv2][body] POST https://upload-firebasehosting.googleapis.com/upload/sites/binaire-freznel-assessme-73bb3/versions/a499aa20ccf1ecac/files/b7a54d5455fc19bccd185cf962b3663cded734cb63dde5867d63450b6e8cbab3 [stream]
[debug] [2026-09-10T08:54:46.878Z] >>> [apiv2][query] POST https://upload-firebasehosting.googleapis.com/upload/sites/binaire-freznel-assessme-73bb3/versions/a499aa20ccf1ecac/files/506a88e5968ce0ae4217b8c042fa685963c2f420af19ca71808fa6661f7f607c [none]
[debug] [2026-09-10T08:54:46.878Z] >>> [apiv2][body] POST https://upload-firebasehosting.googleapis.com/upload/sites/binaire-freznel-assessme-73bb3/versions/a499aa20ccf1ecac/files/506a88e5968ce0ae4217b8c042fa685963c2f420af19ca71808fa6661f7f607c [stream]
[debug] [2026-09-10T08:54:46.878Z] >>> [apiv2][query] POST https://upload-firebasehosting.googleapis.com/upload/sites/binaire-freznel-assessme-73bb3/versions/a499aa20ccf1ecac/files/570805efdb5565171568a57b2350f51451a7635d2e69c51796ee02bfaa7967ac [none]
[debug] [2026-09-10T08:54:46.878Z] >>> [apiv2][body] POST https://upload-firebasehosting.googleapis.com/upload/sites/binaire-freznel-assessme-73bb3/versions/a499aa20ccf1ecac/files/570805efdb5565171568a57b2350f51451a7635d2e69c51796ee02bfaa7967ac [stream]
[debug] [2026-09-10T08:54:46.878Z] >>> [apiv2][query] POST https://upload-firebasehosting.googleapis.com/upload/sites/binaire-freznel-assessme-73bb3/versions/a499aa20ccf1ecac/files/50022119a05b17f27aa360e444e7f62fee5fefd142b1eb4db1dc735de2916442 [none]
[debug] [2026-09-10T08:54:46.878Z] >>> [apiv2][body] POST https://upload-firebasehosting.googleapis.com/upload/sites/binaire-freznel-assessme-73bb3/versions/a499aa20ccf1ecac/files/50022119a05b17f27aa360e444e7f62fee5fefd142b1eb4db1dc735de2916442 [stream]
[debug] [2026-09-10T08:54:46.878Z] >>> [apiv2][query] POST https://upload-firebasehosting.googleapis.com/upload/sites/binaire-freznel-assessme-73bb3/versions/a499aa20ccf1ecac/files/28f39e0ca15d08c92941aa1facc4b764e2dac22497dc4dbcb0fb0d4ef1d92e04 [none]
[debug] [2026-09-10T08:54:46.878Z] >>> [apiv2][body] POST https://upload-firebasehosting.googleapis.com/upload/sites/binaire-freznel-assessme-73bb3/versions/a499aa20ccf1ecac/files/28f39e0ca15d08c92941aa1facc4b764e2dac22497dc4dbcb0fb0d4ef1d92e04 [stream]
[debug] [2026-09-10T08:54:46.900Z] [hosting][populate queue][FINAL] {"max":1041,"min":1041,"avg":1041,"active":0,"complete":1,"success":1,"errored":0,"retried":0,"total":1,"elapsed":1081}
[debug] [2026-09-10T08:54:46.901Z] [hosting] uploads queued: 83
[debug] [2026-09-10T08:54:48.266Z] <<< [apiv2][status] POST https://upload-firebasehosting.googleapis.com/upload/sites/binaire-freznel-assessme-73bb3/versions/a499aa20ccf1ecac/files/f1b651238a58fe290baec6c5e32f3bdb1943dd2bd582f02569231f7a757c7837 200
[debug] [2026-09-10T08:54:48.266Z] <<< [apiv2][body] POST https://upload-firebasehosting.googleapis.com/upload/sites/binaire-freznel-assessme-73bb3/versions/a499aa20ccf1ecac/files/f1b651238a58fe290baec6c5e32f3bdb1943dd2bd582f02569231f7a757c7837 [stream]
[debug] [2026-09-10T08:54:48.269Z] <<< [apiv2][status] POST https://upload-firebasehosting.googleapis.com/upload/sites/binaire-freznel-assessme-73bb3/versions/a499aa20ccf1ecac/files/a8b1c92ead8342bf60b849ad99bed65089c6ccc142e467d62287307902055d72 200
[debug] [2026-09-10T08:54:48.269Z] <<< [apiv2][body] POST https://upload-firebasehosting.googleapis.com/upload/sites/binaire-freznel-assessme-73bb3/versions/a499aa20ccf1ecac/files/a8b1c92ead8342bf60b849ad99bed65089c6ccc142e467d62287307902055d72 [stream]
[debug] [2026-09-10T08:54:48.281Z] <<< [apiv2][status] POST https://upload-firebasehosting.googleapis.com/upload/sites/binaire-freznel-assessme-73bb3/versions/a499aa20ccf1ecac/files/21698bb9cc236ed557dfd28414c4c46a690d7fb639a6f8c3a236a941ae14243e 200
[debug] [2026-09-10T08:54:48.281Z] <<< [apiv2][body] POST https://upload-firebasehosting.googleapis.com/upload/sites/binaire-freznel-assessme-73bb3/versions/a499aa20ccf1ecac/files/21698bb9cc236ed557dfd28414c4c46a690d7fb639a6f8c3a236a941ae14243e [stream]
[debug] [2026-09-10T08:54:48.295Z] <<< [apiv2][status] POST https://upload-firebasehosting.googleapis.com/upload/sites/binaire-freznel-assessme-73bb3/versions/a499aa20ccf1ecac/files/ff75477e599d09c9615d47c8ee06d5253057440c443a42192ef5109fe55ff4e0 200
[debug] [2026-09-10T08:54:48.295Z] <<< [apiv2][body] POST https://upload-firebasehosting.googleapis.com/upload/sites/binaire-freznel-assessme-73bb3/versions/a499aa20ccf1ecac/files/ff75477e599d09c9615d47c8ee06d5253057440c443a42192ef5109fe55ff4e0 [stream]
[debug] [2026-09-10T08:54:48.304Z] <<< [apiv2][status] POST https://upload-firebasehosting.googleapis.com/upload/sites/binaire-freznel-assessme-73bb3/versions/a499aa20ccf1ecac/files/0f5d56efe56c5dcabb387d965aad58d0f60a3b7485cb9b04bef04b93bebf911e 200
[debug] [2026-09-10T08:54:48.304Z] <<< [apiv2][body] POST https://upload-firebasehosting.googleapis.com/upload/sites/binaire-freznel-assessme-73bb3/versions/a499aa20ccf1ecac/files/0f5d56efe56c5dcabb387d965aad58d0f60a3b7485cb9b04bef04b93bebf911e [stream]
[debug] [2026-09-10T08:54:48.310Z] <<< [apiv2][status] POST https://upload-firebasehosting.googleapis.com/upload/sites/binaire-freznel-assessme-73bb3/versions/a499aa20ccf1ecac/files/2b2ca0e45ed128d9c96b91e491cc48d64bec04b3225fbde5f0a5b7757c479ba0 200
[debug] [2026-09-10T08:54:48.310Z] <<< [apiv2][body] POST https://upload-firebasehosting.googleapis.com/upload/sites/binaire-freznel-assessme-73bb3/versions/a499aa20ccf1ecac/files/2b2ca0e45ed128d9c96b91e491cc48d64bec04b3225fbde5f0a5b7757c479ba0 [stream]
[debug] [2026-09-10T08:54:48.323Z] <<< [apiv2][status] POST https://upload-firebasehosting.googleapis.com/upload/sites/binaire-freznel-assessme-73bb3/versions/a499aa20ccf1ecac/files/b39a0b26c57ac74b8e7c54e3115b3315bdb0a3c02dec0c56e49737ac380a03c9 200
[debug] [2026-09-10T08:54:48.323Z] <<< [apiv2][body] POST https://upload-firebasehosting.googleapis.com/upload/sites/binaire-freznel-assessme-73bb3/versions/a499aa20ccf1ecac/files/b39a0b26c57ac74b8e7c54e3115b3315bdb0a3c02dec0c56e49737ac380a03c9 [stream]
[debug] [2026-09-10T08:54:48.336Z] <<< [apiv2][status] POST https://upload-firebasehosting.googleapis.com/upload/sites/binaire-freznel-assessme-73bb3/versions/a499aa20ccf1ecac/files/a39dc51e21d1523cdef2091e7c7ab30a33ad42a7cd5da1f45139746e5c24b667 200
[debug] [2026-09-10T08:54:48.336Z] <<< [apiv2][body] POST https://upload-firebasehosting.googleapis.com/upload/sites/binaire-freznel-assessme-73bb3/versions/a499aa20ccf1ecac/files/a39dc51e21d1523cdef2091e7c7ab30a33ad42a7cd5da1f45139746e5c24b667 [stream]
[debug] [2026-09-10T08:54:48.347Z] <<< [apiv2][status] POST https://upload-firebasehosting.googleapis.com/upload/sites/binaire-freznel-assessme-73bb3/versions/a499aa20ccf1ecac/files/dc524eba7da6829a8ff9e95a55d232f02a18f5d4311489246c3f65ffb7855331 200
[debug] [2026-09-10T08:54:48.347Z] <<< [apiv2][body] POST https://upload-firebasehosting.googleapis.com/upload/sites/binaire-freznel-assessme-73bb3/versions/a499aa20ccf1ecac/files/dc524eba7da6829a8ff9e95a55d232f02a18f5d4311489246c3f65ffb7855331 [stream]
[debug] [2026-09-10T08:54:48.447Z] <<< [apiv2][status] POST https://upload-firebasehosting.googleapis.com/upload/sites/binaire-freznel-assessme-73bb3/versions/a499aa20ccf1ecac/files/717c5f5d6f27c1d8bb3839db88307ae156662ed346b102d84a518e6a8ae5e0cf 200
[debug] [2026-09-10T08:54:48.447Z] <<< [apiv2][body] POST https://upload-firebasehosting.googleapis.com/upload/sites/binaire-freznel-assessme-73bb3/versions/a499aa20ccf1ecac/files/717c5f5d6f27c1d8bb3839db88307ae156662ed346b102d84a518e6a8ae5e0cf [stream]
[debug] [2026-09-10T08:54:48.478Z] <<< [apiv2][status] POST https://upload-firebasehosting.googleapis.com/upload/sites/binaire-freznel-assessme-73bb3/versions/a499aa20ccf1ecac/files/526c3dc96ff3790e5b5a620b97d076972b9c2f1870f2eaaa9d98990b5b009049 200
[debug] [2026-09-10T08:54:48.478Z] <<< [apiv2][body] POST https://upload-firebasehosting.googleapis.com/upload/sites/binaire-freznel-assessme-73bb3/versions/a499aa20ccf1ecac/files/526c3dc96ff3790e5b5a620b97d076972b9c2f1870f2eaaa9d98990b5b009049 [stream]
[debug] [2026-09-10T08:54:48.486Z] <<< [apiv2][status] POST https://upload-firebasehosting.googleapis.com/upload/sites/binaire-freznel-assessme-73bb3/versions/a499aa20ccf1ecac/files/3f5668a86329ee2f1fc5151d83fadf02b79cb69b5328c191c51ac7c17638223a 200
[debug] [2026-09-10T08:54:48.486Z] <<< [apiv2][body] POST https://upload-firebasehosting.googleapis.com/upload/sites/binaire-freznel-assessme-73bb3/versions/a499aa20ccf1ecac/files/3f5668a86329ee2f1fc5151d83fadf02b79cb69b5328c191c51ac7c17638223a [stream]
[debug] [2026-09-10T08:54:48.487Z] <<< [apiv2][status] POST https://upload-firebasehosting.googleapis.com/upload/sites/binaire-freznel-assessme-73bb3/versions/a499aa20ccf1ecac/files/75a72c2aab86802533424da0826adeff43cfb0d85676e5cc1234eeee67666386 200
[debug] [2026-09-10T08:54:48.487Z] <<< [apiv2][body] POST https://upload-firebasehosting.googleapis.com/upload/sites/binaire-freznel-assessme-73bb3/versions/a499aa20ccf1ecac/files/75a72c2aab86802533424da0826adeff43cfb0d85676e5cc1234eeee67666386 [stream]
[debug] [2026-09-10T08:54:48.494Z] <<< [apiv2][status] POST https://upload-firebasehosting.googleapis.com/upload/sites/binaire-freznel-assessme-73bb3/versions/a499aa20ccf1ecac/files/05e2538f2d0f41527f569815b5a6ed672f94b92885489617d275a4f641d51136 200
[debug] [2026-09-10T08:54:48.494Z] <<< [apiv2][body] POST https://upload-firebasehosting.googleapis.com/upload/sites/binaire-freznel-assessme-73bb3/versions/a499aa20ccf1ecac/files/05e2538f2d0f41527f569815b5a6ed672f94b92885489617d275a4f641d51136 [stream]
[debug] [2026-09-10T08:54:48.496Z] <<< [apiv2][status] POST https://upload-firebasehosting.googleapis.com/upload/sites/binaire-freznel-assessme-73bb3/versions/a499aa20ccf1ecac/files/fb07bd4ea57fde956d955a942c0e5d814778b0f803c352f2f3cac7422bfac054 200
[debug] [2026-09-10T08:54:48.496Z] <<< [apiv2][body] POST https://upload-firebasehosting.googleapis.com/upload/sites/binaire-freznel-assessme-73bb3/versions/a499aa20ccf1ecac/files/fb07bd4ea57fde956d955a942c0e5d814778b0f803c352f2f3cac7422bfac054 [stream]
[debug] [2026-09-10T08:54:48.497Z] <<< [apiv2][status] POST https://upload-firebasehosting.googleapis.com/upload/sites/binaire-freznel-assessme-73bb3/versions/a499aa20ccf1ecac/files/1b384640d6800d08b347dca84cbce95473fe0aa6aa082c21aaccbdabecdc4ae3 200
[debug] [2026-09-10T08:54:48.497Z] <<< [apiv2][body] POST https://upload-firebasehosting.googleapis.com/upload/sites/binaire-freznel-assessme-73bb3/versions/a499aa20ccf1ecac/files/1b384640d6800d08b347dca84cbce95473fe0aa6aa082c21aaccbdabecdc4ae3 [stream]
[debug] [2026-09-10T08:54:48.498Z] <<< [apiv2][status] POST https://upload-firebasehosting.googleapis.com/upload/sites/binaire-freznel-assessme-73bb3/versions/a499aa20ccf1ecac/files/c6258d110ac5b134dab1766801477aba9b355626b7de076f89505d764cbf52c8 200
[debug] [2026-09-10T08:54:48.498Z] <<< [apiv2][body] POST https://upload-firebasehosting.googleapis.com/upload/sites/binaire-freznel-assessme-73bb3/versions/a499aa20ccf1ecac/files/c6258d110ac5b134dab1766801477aba9b355626b7de076f89505d764cbf52c8 [stream]
[debug] [2026-09-10T08:54:48.509Z] <<< [apiv2][status] POST https://upload-firebasehosting.googleapis.com/upload/sites/binaire-freznel-assessme-73bb3/versions/a499aa20ccf1ecac/files/506a88e5968ce0ae4217b8c042fa685963c2f420af19ca71808fa6661f7f607c 200
[debug] [2026-09-10T08:54:48.510Z] <<< [apiv2][body] POST https://upload-firebasehosting.googleapis.com/upload/sites/binaire-freznel-assessme-73bb3/versions/a499aa20ccf1ecac/files/506a88e5968ce0ae4217b8c042fa685963c2f420af19ca71808fa6661f7f607c [stream]
[debug] [2026-09-10T08:54:48.514Z] <<< [apiv2][status] POST https://upload-firebasehosting.googleapis.com/upload/sites/binaire-freznel-assessme-73bb3/versions/a499aa20ccf1ecac/files/339ec46f72b1b9f2ef244f192278f2366d0e9dcdf405ae1cebd135c3ec984545 200
[debug] [2026-09-10T08:54:48.514Z] <<< [apiv2][body] POST https://upload-firebasehosting.googleapis.com/upload/sites/binaire-freznel-assessme-73bb3/versions/a499aa20ccf1ecac/files/339ec46f72b1b9f2ef244f192278f2366d0e9dcdf405ae1cebd135c3ec984545 [stream]
[debug] [2026-09-10T08:54:48.523Z] <<< [apiv2][status] POST https://upload-firebasehosting.googleapis.com/upload/sites/binaire-freznel-assessme-73bb3/versions/a499aa20ccf1ecac/files/d48db705a68aebd52f88049864dd84ec0b09ebe344ae5a99f05e625ddee60445 200
[debug] [2026-09-10T08:54:48.523Z] <<< [apiv2][body] POST https://upload-firebasehosting.googleapis.com/upload/sites/binaire-freznel-assessme-73bb3/versions/a499aa20ccf1ecac/files/d48db705a68aebd52f88049864dd84ec0b09ebe344ae5a99f05e625ddee60445 [stream]
[debug] [2026-09-10T08:54:48.530Z] <<< [apiv2][status] POST https://upload-firebasehosting.googleapis.com/upload/sites/binaire-freznel-assessme-73bb3/versions/a499aa20ccf1ecac/files/d0101eb58190df77081981c9668f53958923a0364569ec9a97bbda475380d280 200
[debug] [2026-09-10T08:54:48.530Z] <<< [apiv2][body] POST https://upload-firebasehosting.googleapis.com/upload/sites/binaire-freznel-assessme-73bb3/versions/a499aa20ccf1ecac/files/d0101eb58190df77081981c9668f53958923a0364569ec9a97bbda475380d280 [stream]
[debug] [2026-09-10T08:54:48.539Z] <<< [apiv2][status] POST https://upload-firebasehosting.googleapis.com/upload/sites/binaire-freznel-assessme-73bb3/versions/a499aa20ccf1ecac/files/82a5952ca03a51096ac91b8e031213b64d5ba16b661ce2f1041a33526bd46202 200
[debug] [2026-09-10T08:54:48.539Z] <<< [apiv2][body] POST https://upload-firebasehosting.googleapis.com/upload/sites/binaire-freznel-assessme-73bb3/versions/a499aa20ccf1ecac/files/82a5952ca03a51096ac91b8e031213b64d5ba16b661ce2f1041a33526bd46202 [stream]
[debug] [2026-09-10T08:54:48.539Z] <<< [apiv2][status] POST https://upload-firebasehosting.googleapis.com/upload/sites/binaire-freznel-assessme-73bb3/versions/a499aa20ccf1ecac/files/69bb73fa446dc095401aebeed6e9567f148a70b49dddb7007d7dd0bd2758a570 200
[debug] [2026-09-10T08:54:48.539Z] <<< [apiv2][body] POST https://upload-firebasehosting.googleapis.com/upload/sites/binaire-freznel-assessme-73bb3/versions/a499aa20ccf1ecac/files/69bb73fa446dc095401aebeed6e9567f148a70b49dddb7007d7dd0bd2758a570 [stream]
[debug] [2026-09-10T08:54:48.539Z] <<< [apiv2][status] POST https://upload-firebasehosting.googleapis.com/upload/sites/binaire-freznel-assessme-73bb3/versions/a499aa20ccf1ecac/files/50022119a05b17f27aa360e444e7f62fee5fefd142b1eb4db1dc735de2916442 200
[debug] [2026-09-10T08:54:48.539Z] <<< [apiv2][body] POST https://upload-firebasehosting.googleapis.com/upload/sites/binaire-freznel-assessme-73bb3/versions/a499aa20ccf1ecac/files/50022119a05b17f27aa360e444e7f62fee5fefd142b1eb4db1dc735de2916442 [stream]
[debug] [2026-09-10T08:54:48.549Z] <<< [apiv2][status] POST https://upload-firebasehosting.googleapis.com/upload/sites/binaire-freznel-assessme-73bb3/versions/a499aa20ccf1ecac/files/a6840dfc76ee8dfee3e23b319c313802f5a311aec7bdac618ff47e659a2ce998 200
[debug] [2026-09-10T08:54:48.549Z] <<< [apiv2][body] POST https://upload-firebasehosting.googleapis.com/upload/sites/binaire-freznel-assessme-73bb3/versions/a499aa20ccf1ecac/files/a6840dfc76ee8dfee3e23b319c313802f5a311aec7bdac618ff47e659a2ce998 [stream]
[debug] [2026-09-10T08:54:48.588Z] <<< [apiv2][status] POST https://upload-firebasehosting.googleapis.com/upload/sites/binaire-freznel-assessme-73bb3/versions/a499aa20ccf1ecac/files/099704e7c1d1412ba20869447e6556f0780692911dc24ac2f3fa96dc99a652c3 200
[debug] [2026-09-10T08:54:48.588Z] <<< [apiv2][body] POST https://upload-firebasehosting.googleapis.com/upload/sites/binaire-freznel-assessme-73bb3/versions/a499aa20ccf1ecac/files/099704e7c1d1412ba20869447e6556f0780692911dc24ac2f3fa96dc99a652c3 [stream]
[debug] [2026-09-10T08:54:48.590Z] <<< [apiv2][status] POST https://upload-firebasehosting.googleapis.com/upload/sites/binaire-freznel-assessme-73bb3/versions/a499aa20ccf1ecac/files/73d4d7b11a903fb060c903fd62c6e1562b3603e7d457039c719d8184367eec2c 200
[debug] [2026-09-10T08:54:48.590Z] <<< [apiv2][body] POST https://upload-firebasehosting.googleapis.com/upload/sites/binaire-freznel-assessme-73bb3/versions/a499aa20ccf1ecac/files/73d4d7b11a903fb060c903fd62c6e1562b3603e7d457039c719d8184367eec2c [stream]
[debug] [2026-09-10T08:54:48.606Z] <<< [apiv2][status] POST https://upload-firebasehosting.googleapis.com/upload/sites/binaire-freznel-assessme-73bb3/versions/a499aa20ccf1ecac/files/ef42ce795eb5caff1ae7fe52fc9857ae3f932f40d91eddabe828e65f0f52a7ff 200
[debug] [2026-09-10T08:54:48.606Z] <<< [apiv2][body] POST https://upload-firebasehosting.googleapis.com/upload/sites/binaire-freznel-assessme-73bb3/versions/a499aa20ccf1ecac/files/ef42ce795eb5caff1ae7fe52fc9857ae3f932f40d91eddabe828e65f0f52a7ff [stream]
[debug] [2026-09-10T08:54:48.618Z] <<< [apiv2][status] POST https://upload-firebasehosting.googleapis.com/upload/sites/binaire-freznel-assessme-73bb3/versions/a499aa20ccf1ecac/files/bf74a53711b8329e7d210cd17648dae7060f12c92f7aa400ad02fdcebf4ed020 200
[debug] [2026-09-10T08:54:48.618Z] <<< [apiv2][body] POST https://upload-firebasehosting.googleapis.com/upload/sites/binaire-freznel-assessme-73bb3/versions/a499aa20ccf1ecac/files/bf74a53711b8329e7d210cd17648dae7060f12c92f7aa400ad02fdcebf4ed020 [stream]
[debug] [2026-09-10T08:54:48.620Z] <<< [apiv2][status] POST https://upload-firebasehosting.googleapis.com/upload/sites/binaire-freznel-assessme-73bb3/versions/a499aa20ccf1ecac/files/00e4017da578b1c37fe0674b8aa62cd8f17217a2ade2ffc2b4ccddf4afd184fb 200
[debug] [2026-09-10T08:54:48.620Z] <<< [apiv2][body] POST https://upload-firebasehosting.googleapis.com/upload/sites/binaire-freznel-assessme-73bb3/versions/a499aa20ccf1ecac/files/00e4017da578b1c37fe0674b8aa62cd8f17217a2ade2ffc2b4ccddf4afd184fb [stream]
[debug] [2026-09-10T08:54:48.629Z] <<< [apiv2][status] POST https://upload-firebasehosting.googleapis.com/upload/sites/binaire-freznel-assessme-73bb3/versions/a499aa20ccf1ecac/files/f188218402b1683652ec08172919ffa1917991179c9ccd8a1837ad05cb0498a0 200
[debug] [2026-09-10T08:54:48.629Z] <<< [apiv2][body] POST https://upload-firebasehosting.googleapis.com/upload/sites/binaire-freznel-assessme-73bb3/versions/a499aa20ccf1ecac/files/f188218402b1683652ec08172919ffa1917991179c9ccd8a1837ad05cb0498a0 [stream]
[debug] [2026-09-10T08:54:48.630Z] <<< [apiv2][status] POST https://upload-firebasehosting.googleapis.com/upload/sites/binaire-freznel-assessme-73bb3/versions/a499aa20ccf1ecac/files/b37f214067380fbf0c8b179f4177fc10d6d5aec8e79241d8d92a6fb1fe5f0063 200
[debug] [2026-09-10T08:54:48.630Z] <<< [apiv2][body] POST https://upload-firebasehosting.googleapis.com/upload/sites/binaire-freznel-assessme-73bb3/versions/a499aa20ccf1ecac/files/b37f214067380fbf0c8b179f4177fc10d6d5aec8e79241d8d92a6fb1fe5f0063 [stream]
[debug] [2026-09-10T08:54:48.648Z] <<< [apiv2][status] POST https://upload-firebasehosting.googleapis.com/upload/sites/binaire-freznel-assessme-73bb3/versions/a499aa20ccf1ecac/files/18e5d6c9853d09fdae2e3332451f244850afbb19732160448583fedcad52d2ed 200
[debug] [2026-09-10T08:54:48.649Z] <<< [apiv2][body] POST https://upload-firebasehosting.googleapis.com/upload/sites/binaire-freznel-assessme-73bb3/versions/a499aa20ccf1ecac/files/18e5d6c9853d09fdae2e3332451f244850afbb19732160448583fedcad52d2ed [stream]
[debug] [2026-09-10T08:54:48.662Z] <<< [apiv2][status] POST https://upload-firebasehosting.googleapis.com/upload/sites/binaire-freznel-assessme-73bb3/versions/a499aa20ccf1ecac/files/4140da6d977f3f64b274762e86bd1368de155c64fb290736dff81dc101f82c66 200
[debug] [2026-09-10T08:54:48.662Z] <<< [apiv2][body] POST https://upload-firebasehosting.googleapis.com/upload/sites/binaire-freznel-assessme-73bb3/versions/a499aa20ccf1ecac/files/4140da6d977f3f64b274762e86bd1368de155c64fb290736dff81dc101f82c66 [stream]
[debug] [2026-09-10T08:54:48.676Z] <<< [apiv2][status] POST https://upload-firebasehosting.googleapis.com/upload/sites/binaire-freznel-assessme-73bb3/versions/a499aa20ccf1ecac/files/a6bd64c4353c4e4d10c383b82dd199b5e6c7426d727744481b03a28505e622ef 200
[debug] [2026-09-10T08:54:48.676Z] <<< [apiv2][body] POST https://upload-firebasehosting.googleapis.com/upload/sites/binaire-freznel-assessme-73bb3/versions/a499aa20ccf1ecac/files/a6bd64c4353c4e4d10c383b82dd199b5e6c7426d727744481b03a28505e622ef [stream]
[debug] [2026-09-10T08:54:48.682Z] <<< [apiv2][status] POST https://upload-firebasehosting.googleapis.com/upload/sites/binaire-freznel-assessme-73bb3/versions/a499aa20ccf1ecac/files/42815a32b58b7ca99c6b12eb291283f74ad13451dc0a6f952c5c336418379851 200
[debug] [2026-09-10T08:54:48.682Z] <<< [apiv2][body] POST https://upload-firebasehosting.googleapis.com/upload/sites/binaire-freznel-assessme-73bb3/versions/a499aa20ccf1ecac/files/42815a32b58b7ca99c6b12eb291283f74ad13451dc0a6f952c5c336418379851 [stream]
[debug] [2026-09-10T08:54:48.688Z] <<< [apiv2][status] POST https://upload-firebasehosting.googleapis.com/upload/sites/binaire-freznel-assessme-73bb3/versions/a499aa20ccf1ecac/files/41d2996494f927ecdf1e3fffa570a88270095b50e2e89d5ddadcd80886493968 200
[debug] [2026-09-10T08:54:48.688Z] <<< [apiv2][body] POST https://upload-firebasehosting.googleapis.com/upload/sites/binaire-freznel-assessme-73bb3/versions/a499aa20ccf1ecac/files/41d2996494f927ecdf1e3fffa570a88270095b50e2e89d5ddadcd80886493968 [stream]
[debug] [2026-09-10T08:54:48.691Z] <<< [apiv2][status] POST https://upload-firebasehosting.googleapis.com/upload/sites/binaire-freznel-assessme-73bb3/versions/a499aa20ccf1ecac/files/d80717aec73322e5b189c52f5d2f13033fd07d1702a21c5395583d89cf7c8c2d 200
[debug] [2026-09-10T08:54:48.691Z] <<< [apiv2][body] POST https://upload-firebasehosting.googleapis.com/upload/sites/binaire-freznel-assessme-73bb3/versions/a499aa20ccf1ecac/files/d80717aec73322e5b189c52f5d2f13033fd07d1702a21c5395583d89cf7c8c2d [stream]
[debug] [2026-09-10T08:54:48.691Z] <<< [apiv2][status] POST https://upload-firebasehosting.googleapis.com/upload/sites/binaire-freznel-assessme-73bb3/versions/a499aa20ccf1ecac/files/b10e235e8e631c62cf8970a23fcb25102f823e835384ecad0c7b1c463a2a6cb0 200
[debug] [2026-09-10T08:54:48.691Z] <<< [apiv2][body] POST https://upload-firebasehosting.googleapis.com/upload/sites/binaire-freznel-assessme-73bb3/versions/a499aa20ccf1ecac/files/b10e235e8e631c62cf8970a23fcb25102f823e835384ecad0c7b1c463a2a6cb0 [stream]
[debug] [2026-09-10T08:54:48.698Z] <<< [apiv2][status] POST https://upload-firebasehosting.googleapis.com/upload/sites/binaire-freznel-assessme-73bb3/versions/a499aa20ccf1ecac/files/1c371d5a14ee072c54446e5276a99e1aad2bfec4a1e552fa721be99c1f47732a 200
[debug] [2026-09-10T08:54:48.698Z] <<< [apiv2][body] POST https://upload-firebasehosting.googleapis.com/upload/sites/binaire-freznel-assessme-73bb3/versions/a499aa20ccf1ecac/files/1c371d5a14ee072c54446e5276a99e1aad2bfec4a1e552fa721be99c1f47732a [stream]
[debug] [2026-09-10T08:54:48.703Z] <<< [apiv2][status] POST https://upload-firebasehosting.googleapis.com/upload/sites/binaire-freznel-assessme-73bb3/versions/a499aa20ccf1ecac/files/b2816334a7c6928dc1139ec530205ee3ede28ccbf34b7965f58bdb0357b692df 200
[debug] [2026-09-10T08:54:48.703Z] <<< [apiv2][body] POST https://upload-firebasehosting.googleapis.com/upload/sites/binaire-freznel-assessme-73bb3/versions/a499aa20ccf1ecac/files/b2816334a7c6928dc1139ec530205ee3ede28ccbf34b7965f58bdb0357b692df [stream]
[debug] [2026-09-10T08:54:48.709Z] <<< [apiv2][status] POST https://upload-firebasehosting.googleapis.com/upload/sites/binaire-freznel-assessme-73bb3/versions/a499aa20ccf1ecac/files/22e13d8a7a1be8a43515e33d8daf3711bc846ce2268766e22d58d3e9dee73db4 200
[debug] [2026-09-10T08:54:48.709Z] <<< [apiv2][body] POST https://upload-firebasehosting.googleapis.com/upload/sites/binaire-freznel-assessme-73bb3/versions/a499aa20ccf1ecac/files/22e13d8a7a1be8a43515e33d8daf3711bc846ce2268766e22d58d3e9dee73db4 [stream]
[debug] [2026-09-10T08:54:48.710Z] <<< [apiv2][status] POST https://upload-firebasehosting.googleapis.com/upload/sites/binaire-freznel-assessme-73bb3/versions/a499aa20ccf1ecac/files/f5058edd5d6cb154527c46c026f39cfbf18a3cfb4b3ad5bf866e669379ffece8 200
[debug] [2026-09-10T08:54:48.710Z] <<< [apiv2][body] POST https://upload-firebasehosting.googleapis.com/upload/sites/binaire-freznel-assessme-73bb3/versions/a499aa20ccf1ecac/files/f5058edd5d6cb154527c46c026f39cfbf18a3cfb4b3ad5bf866e669379ffece8 [stream]
[debug] [2026-09-10T08:54:48.714Z] <<< [apiv2][status] POST https://upload-firebasehosting.googleapis.com/upload/sites/binaire-freznel-assessme-73bb3/versions/a499aa20ccf1ecac/files/138ea1b518f997a536ac86444d41c2782cf8bf7fdb46ac5282b4511bbee0f547 200
[debug] [2026-09-10T08:54:48.714Z] <<< [apiv2][body] POST https://upload-firebasehosting.googleapis.com/upload/sites/binaire-freznel-assessme-73bb3/versions/a499aa20ccf1ecac/files/138ea1b518f997a536ac86444d41c2782cf8bf7fdb46ac5282b4511bbee0f547 [stream]
[debug] [2026-09-10T08:54:48.725Z] <<< [apiv2][status] POST https://upload-firebasehosting.googleapis.com/upload/sites/binaire-freznel-assessme-73bb3/versions/a499aa20ccf1ecac/files/0e11f8b6106859efeeb31a7bf2df6aec310f913935524c13091193043efedaae 200
[debug] [2026-09-10T08:54:48.725Z] <<< [apiv2][body] POST https://upload-firebasehosting.googleapis.com/upload/sites/binaire-freznel-assessme-73bb3/versions/a499aa20ccf1ecac/files/0e11f8b6106859efeeb31a7bf2df6aec310f913935524c13091193043efedaae [stream]
[debug] [2026-09-10T08:54:48.734Z] <<< [apiv2][status] POST https://upload-firebasehosting.googleapis.com/upload/sites/binaire-freznel-assessme-73bb3/versions/a499aa20ccf1ecac/files/570805efdb5565171568a57b2350f51451a7635d2e69c51796ee02bfaa7967ac 200
[debug] [2026-09-10T08:54:48.734Z] <<< [apiv2][body] POST https://upload-firebasehosting.googleapis.com/upload/sites/binaire-freznel-assessme-73bb3/versions/a499aa20ccf1ecac/files/570805efdb5565171568a57b2350f51451a7635d2e69c51796ee02bfaa7967ac [stream]
[debug] [2026-09-10T08:54:48.736Z] <<< [apiv2][status] POST https://upload-firebasehosting.googleapis.com/upload/sites/binaire-freznel-assessme-73bb3/versions/a499aa20ccf1ecac/files/233eb4792ce783ee1bbb334b9e21c04a5b1e2c9c4adce2cb06045134de8eb2c5 200
[debug] [2026-09-10T08:54:48.736Z] <<< [apiv2][body] POST https://upload-firebasehosting.googleapis.com/upload/sites/binaire-freznel-assessme-73bb3/versions/a499aa20ccf1ecac/files/233eb4792ce783ee1bbb334b9e21c04a5b1e2c9c4adce2cb06045134de8eb2c5 [stream]
[debug] [2026-09-10T08:54:48.750Z] <<< [apiv2][status] POST https://upload-firebasehosting.googleapis.com/upload/sites/binaire-freznel-assessme-73bb3/versions/a499aa20ccf1ecac/files/f328422abd31c4b00567d29f4c1567f94466c77837b40037d75c78a031ff9eca 200
[debug] [2026-09-10T08:54:48.750Z] <<< [apiv2][body] POST https://upload-firebasehosting.googleapis.com/upload/sites/binaire-freznel-assessme-73bb3/versions/a499aa20ccf1ecac/files/f328422abd31c4b00567d29f4c1567f94466c77837b40037d75c78a031ff9eca [stream]
[debug] [2026-09-10T08:54:48.754Z] <<< [apiv2][status] POST https://upload-firebasehosting.googleapis.com/upload/sites/binaire-freznel-assessme-73bb3/versions/a499aa20ccf1ecac/files/9d45c1608db101546275750c48b88c7e68a43e77852f79cf1a08b1925ba1134b 200
[debug] [2026-09-10T08:54:48.754Z] <<< [apiv2][body] POST https://upload-firebasehosting.googleapis.com/upload/sites/binaire-freznel-assessme-73bb3/versions/a499aa20ccf1ecac/files/9d45c1608db101546275750c48b88c7e68a43e77852f79cf1a08b1925ba1134b [stream]
[debug] [2026-09-10T08:54:48.759Z] <<< [apiv2][status] POST https://upload-firebasehosting.googleapis.com/upload/sites/binaire-freznel-assessme-73bb3/versions/a499aa20ccf1ecac/files/dd68c1c4e42e7946d2a1c8949fa01f79840f6de98b0d692b439ee469ea5a841c 200
[debug] [2026-09-10T08:54:48.759Z] <<< [apiv2][body] POST https://upload-firebasehosting.googleapis.com/upload/sites/binaire-freznel-assessme-73bb3/versions/a499aa20ccf1ecac/files/dd68c1c4e42e7946d2a1c8949fa01f79840f6de98b0d692b439ee469ea5a841c [stream]
[debug] [2026-09-10T08:54:48.759Z] <<< [apiv2][status] POST https://upload-firebasehosting.googleapis.com/upload/sites/binaire-freznel-assessme-73bb3/versions/a499aa20ccf1ecac/files/725cefce6b93dfaedec5ba605c0948a8c2d373f1a8d2d8d014ac6813d0628d17 200
[debug] [2026-09-10T08:54:48.759Z] <<< [apiv2][body] POST https://upload-firebasehosting.googleapis.com/upload/sites/binaire-freznel-assessme-73bb3/versions/a499aa20ccf1ecac/files/725cefce6b93dfaedec5ba605c0948a8c2d373f1a8d2d8d014ac6813d0628d17 [stream]
[debug] [2026-09-10T08:54:48.763Z] <<< [apiv2][status] POST https://upload-firebasehosting.googleapis.com/upload/sites/binaire-freznel-assessme-73bb3/versions/a499aa20ccf1ecac/files/0e8c33c6c40c3413d8c5e49c2c4801ead417c381818fb05d850120b98fa21a31 200
[debug] [2026-09-10T08:54:48.763Z] <<< [apiv2][body] POST https://upload-firebasehosting.googleapis.com/upload/sites/binaire-freznel-assessme-73bb3/versions/a499aa20ccf1ecac/files/0e8c33c6c40c3413d8c5e49c2c4801ead417c381818fb05d850120b98fa21a31 [stream]
[debug] [2026-09-10T08:54:48.764Z] <<< [apiv2][status] POST https://upload-firebasehosting.googleapis.com/upload/sites/binaire-freznel-assessme-73bb3/versions/a499aa20ccf1ecac/files/a04184bc97bb128eda296612807459cda63658461d1f9391149b8d696493bb3f 200
[debug] [2026-09-10T08:54:48.764Z] <<< [apiv2][body] POST https://upload-firebasehosting.googleapis.com/upload/sites/binaire-freznel-assessme-73bb3/versions/a499aa20ccf1ecac/files/a04184bc97bb128eda296612807459cda63658461d1f9391149b8d696493bb3f [stream]
[debug] [2026-09-10T08:54:48.770Z] <<< [apiv2][status] POST https://upload-firebasehosting.googleapis.com/upload/sites/binaire-freznel-assessme-73bb3/versions/a499aa20ccf1ecac/files/3645bfa20cd210f760f8e00fde19ec9d2a199caf90ca63c0c003611353f427d8 200
[debug] [2026-09-10T08:54:48.770Z] <<< [apiv2][body] POST https://upload-firebasehosting.googleapis.com/upload/sites/binaire-freznel-assessme-73bb3/versions/a499aa20ccf1ecac/files/3645bfa20cd210f760f8e00fde19ec9d2a199caf90ca63c0c003611353f427d8 [stream]
[debug] [2026-09-10T08:54:48.770Z] <<< [apiv2][status] POST https://upload-firebasehosting.googleapis.com/upload/sites/binaire-freznel-assessme-73bb3/versions/a499aa20ccf1ecac/files/5b2779c3ed0b7da675ed61b74eabb19d1dd7ff5e88f200e01231c53353148b87 200
[debug] [2026-09-10T08:54:48.770Z] <<< [apiv2][body] POST https://upload-firebasehosting.googleapis.com/upload/sites/binaire-freznel-assessme-73bb3/versions/a499aa20ccf1ecac/files/5b2779c3ed0b7da675ed61b74eabb19d1dd7ff5e88f200e01231c53353148b87 [stream]
[debug] [2026-09-10T08:54:48.773Z] <<< [apiv2][status] POST https://upload-firebasehosting.googleapis.com/upload/sites/binaire-freznel-assessme-73bb3/versions/a499aa20ccf1ecac/files/1529d1fc447c5923633e840b49c3ae4c59bff411c503243ca6b9a384aa8a3083 200
[debug] [2026-09-10T08:54:48.773Z] <<< [apiv2][body] POST https://upload-firebasehosting.googleapis.com/upload/sites/binaire-freznel-assessme-73bb3/versions/a499aa20ccf1ecac/files/1529d1fc447c5923633e840b49c3ae4c59bff411c503243ca6b9a384aa8a3083 [stream]
[debug] [2026-09-10T08:54:48.778Z] <<< [apiv2][status] POST https://upload-firebasehosting.googleapis.com/upload/sites/binaire-freznel-assessme-73bb3/versions/a499aa20ccf1ecac/files/4b6303ab72c3c53300402fa87effa6220f0386dac530d1adbb1a7a1ae6d16a1e 200
[debug] [2026-09-10T08:54:48.778Z] <<< [apiv2][body] POST https://upload-firebasehosting.googleapis.com/upload/sites/binaire-freznel-assessme-73bb3/versions/a499aa20ccf1ecac/files/4b6303ab72c3c53300402fa87effa6220f0386dac530d1adbb1a7a1ae6d16a1e [stream]
[debug] [2026-09-10T08:54:48.782Z] <<< [apiv2][status] POST https://upload-firebasehosting.googleapis.com/upload/sites/binaire-freznel-assessme-73bb3/versions/a499aa20ccf1ecac/files/2dcad23add66756d8c58cbc981561d9da9bcb1126604c580d058ff99d48731ef 200
[debug] [2026-09-10T08:54:48.782Z] <<< [apiv2][body] POST https://upload-firebasehosting.googleapis.com/upload/sites/binaire-freznel-assessme-73bb3/versions/a499aa20ccf1ecac/files/2dcad23add66756d8c58cbc981561d9da9bcb1126604c580d058ff99d48731ef [stream]
[debug] [2026-09-10T08:54:48.803Z] <<< [apiv2][status] POST https://upload-firebasehosting.googleapis.com/upload/sites/binaire-freznel-assessme-73bb3/versions/a499aa20ccf1ecac/files/8d5e130d67daeb6163f4ddf033deb6ab7d253f340501086eb876e2dd73baed0a 200
[debug] [2026-09-10T08:54:48.803Z] <<< [apiv2][body] POST https://upload-firebasehosting.googleapis.com/upload/sites/binaire-freznel-assessme-73bb3/versions/a499aa20ccf1ecac/files/8d5e130d67daeb6163f4ddf033deb6ab7d253f340501086eb876e2dd73baed0a [stream]
[debug] [2026-09-10T08:54:48.813Z] <<< [apiv2][status] POST https://upload-firebasehosting.googleapis.com/upload/sites/binaire-freznel-assessme-73bb3/versions/a499aa20ccf1ecac/files/a417070355d35beb61dc1ce065f5433c43237f5afe980997a493ad4f69e6864f 200
[debug] [2026-09-10T08:54:48.813Z] <<< [apiv2][body] POST https://upload-firebasehosting.googleapis.com/upload/sites/binaire-freznel-assessme-73bb3/versions/a499aa20ccf1ecac/files/a417070355d35beb61dc1ce065f5433c43237f5afe980997a493ad4f69e6864f [stream]
[debug] [2026-09-10T08:54:48.816Z] <<< [apiv2][status] POST https://upload-firebasehosting.googleapis.com/upload/sites/binaire-freznel-assessme-73bb3/versions/a499aa20ccf1ecac/files/28f39e0ca15d08c92941aa1facc4b764e2dac22497dc4dbcb0fb0d4ef1d92e04 200
[debug] [2026-09-10T08:54:48.816Z] <<< [apiv2][body] POST https://upload-firebasehosting.googleapis.com/upload/sites/binaire-freznel-assessme-73bb3/versions/a499aa20ccf1ecac/files/28f39e0ca15d08c92941aa1facc4b764e2dac22497dc4dbcb0fb0d4ef1d92e04 [stream]
[debug] [2026-09-10T08:54:48.835Z] <<< [apiv2][status] POST https://upload-firebasehosting.googleapis.com/upload/sites/binaire-freznel-assessme-73bb3/versions/a499aa20ccf1ecac/files/d6494d8e56cff30d8841deff5eb122f5f6ca063931bfa9243fcc12ee6bc2abef 200
[debug] [2026-09-10T08:54:48.835Z] <<< [apiv2][body] POST https://upload-firebasehosting.googleapis.com/upload/sites/binaire-freznel-assessme-73bb3/versions/a499aa20ccf1ecac/files/d6494d8e56cff30d8841deff5eb122f5f6ca063931bfa9243fcc12ee6bc2abef [stream]
[debug] [2026-09-10T08:54:48.836Z] <<< [apiv2][status] POST https://upload-firebasehosting.googleapis.com/upload/sites/binaire-freznel-assessme-73bb3/versions/a499aa20ccf1ecac/files/b7a54d5455fc19bccd185cf962b3663cded734cb63dde5867d63450b6e8cbab3 200
[debug] [2026-09-10T08:54:48.836Z] <<< [apiv2][body] POST https://upload-firebasehosting.googleapis.com/upload/sites/binaire-freznel-assessme-73bb3/versions/a499aa20ccf1ecac/files/b7a54d5455fc19bccd185cf962b3663cded734cb63dde5867d63450b6e8cbab3 [stream]
[debug] [2026-09-10T08:54:48.836Z] <<< [apiv2][status] POST https://upload-firebasehosting.googleapis.com/upload/sites/binaire-freznel-assessme-73bb3/versions/a499aa20ccf1ecac/files/0f02bf8dbc1e92bd07d4e21959ebd08823d148351736ef566a32249ffd177c1d 200
[debug] [2026-09-10T08:54:48.836Z] <<< [apiv2][body] POST https://upload-firebasehosting.googleapis.com/upload/sites/binaire-freznel-assessme-73bb3/versions/a499aa20ccf1ecac/files/0f02bf8dbc1e92bd07d4e21959ebd08823d148351736ef566a32249ffd177c1d [stream]
[debug] [2026-09-10T08:54:48.848Z] <<< [apiv2][status] POST https://upload-firebasehosting.googleapis.com/upload/sites/binaire-freznel-assessme-73bb3/versions/a499aa20ccf1ecac/files/d8522698f5d2bfd91feb645006b223bedbf77d2edc01919ea01aa0ec43731d37 200
[debug] [2026-09-10T08:54:48.848Z] <<< [apiv2][body] POST https://upload-firebasehosting.googleapis.com/upload/sites/binaire-freznel-assessme-73bb3/versions/a499aa20ccf1ecac/files/d8522698f5d2bfd91feb645006b223bedbf77d2edc01919ea01aa0ec43731d37 [stream]
[debug] [2026-09-10T08:54:48.864Z] <<< [apiv2][status] POST https://upload-firebasehosting.googleapis.com/upload/sites/binaire-freznel-assessme-73bb3/versions/a499aa20ccf1ecac/files/21a62d89cbd2f17e3911891950337abc80443c46bb09a16e7c6377522fb61536 200
[debug] [2026-09-10T08:54:48.864Z] <<< [apiv2][body] POST https://upload-firebasehosting.googleapis.com/upload/sites/binaire-freznel-assessme-73bb3/versions/a499aa20ccf1ecac/files/21a62d89cbd2f17e3911891950337abc80443c46bb09a16e7c6377522fb61536 [stream]
[debug] [2026-09-10T08:54:48.874Z] <<< [apiv2][status] POST https://upload-firebasehosting.googleapis.com/upload/sites/binaire-freznel-assessme-73bb3/versions/a499aa20ccf1ecac/files/ce9e7bd8844daf9aa71436c02b8a7de067409e9d29b78e424e5d4d80185497fa 200
[debug] [2026-09-10T08:54:48.874Z] <<< [apiv2][body] POST https://upload-firebasehosting.googleapis.com/upload/sites/binaire-freznel-assessme-73bb3/versions/a499aa20ccf1ecac/files/ce9e7bd8844daf9aa71436c02b8a7de067409e9d29b78e424e5d4d80185497fa [stream]
[debug] [2026-09-10T08:54:48.876Z] <<< [apiv2][status] POST https://upload-firebasehosting.googleapis.com/upload/sites/binaire-freznel-assessme-73bb3/versions/a499aa20ccf1ecac/files/fff736ba0e9676c9e036764a6a651e6c8fab6155016bcae487b9084feceaa70f 200
[debug] [2026-09-10T08:54:48.876Z] <<< [apiv2][body] POST https://upload-firebasehosting.googleapis.com/upload/sites/binaire-freznel-assessme-73bb3/versions/a499aa20ccf1ecac/files/fff736ba0e9676c9e036764a6a651e6c8fab6155016bcae487b9084feceaa70f [stream]
[debug] [2026-09-10T08:54:48.883Z] <<< [apiv2][status] POST https://upload-firebasehosting.googleapis.com/upload/sites/binaire-freznel-assessme-73bb3/versions/a499aa20ccf1ecac/files/8fb0db9cdee09dc7f7132eff783d2e4c4f78adb54170d700cf46f664567a1fe7 200
[debug] [2026-09-10T08:54:48.883Z] <<< [apiv2][body] POST https://upload-firebasehosting.googleapis.com/upload/sites/binaire-freznel-assessme-73bb3/versions/a499aa20ccf1ecac/files/8fb0db9cdee09dc7f7132eff783d2e4c4f78adb54170d700cf46f664567a1fe7 [stream]
[debug] [2026-09-10T08:54:48.903Z] <<< [apiv2][status] POST https://upload-firebasehosting.googleapis.com/upload/sites/binaire-freznel-assessme-73bb3/versions/a499aa20ccf1ecac/files/f999a63d81f49cb369d30471727c13a28bbf228128bfa3735fef87d250e85603 200
[debug] [2026-09-10T08:54:48.903Z] <<< [apiv2][body] POST https://upload-firebasehosting.googleapis.com/upload/sites/binaire-freznel-assessme-73bb3/versions/a499aa20ccf1ecac/files/f999a63d81f49cb369d30471727c13a28bbf228128bfa3735fef87d250e85603 [stream]
[debug] [2026-09-10T08:54:48.908Z] <<< [apiv2][status] POST https://upload-firebasehosting.googleapis.com/upload/sites/binaire-freznel-assessme-73bb3/versions/a499aa20ccf1ecac/files/2f125b57700a62248013d67b9f40309530aca4b69c144934864266ec063c2733 200
[debug] [2026-09-10T08:54:48.908Z] <<< [apiv2][body] POST https://upload-firebasehosting.googleapis.com/upload/sites/binaire-freznel-assessme-73bb3/versions/a499aa20ccf1ecac/files/2f125b57700a62248013d67b9f40309530aca4b69c144934864266ec063c2733 [stream]
[debug] [2026-09-10T08:54:48.911Z] <<< [apiv2][status] POST https://upload-firebasehosting.googleapis.com/upload/sites/binaire-freznel-assessme-73bb3/versions/a499aa20ccf1ecac/files/0d10798466916be079b3eebbfd06033dca51c3a8e98a615b7125d035491b3658 200
[debug] [2026-09-10T08:54:48.911Z] <<< [apiv2][body] POST https://upload-firebasehosting.googleapis.com/upload/sites/binaire-freznel-assessme-73bb3/versions/a499aa20ccf1ecac/files/0d10798466916be079b3eebbfd06033dca51c3a8e98a615b7125d035491b3658 [stream]
[debug] [2026-09-10T08:54:48.920Z] <<< [apiv2][status] POST https://upload-firebasehosting.googleapis.com/upload/sites/binaire-freznel-assessme-73bb3/versions/a499aa20ccf1ecac/files/c26c9d9b93d16db36a8f40dd13dbe975c723cf8a131e038bd91941821f484224 200
[debug] [2026-09-10T08:54:48.920Z] <<< [apiv2][body] POST https://upload-firebasehosting.googleapis.com/upload/sites/binaire-freznel-assessme-73bb3/versions/a499aa20ccf1ecac/files/c26c9d9b93d16db36a8f40dd13dbe975c723cf8a131e038bd91941821f484224 [stream]
[debug] [2026-09-10T08:54:48.980Z] <<< [apiv2][status] POST https://upload-firebasehosting.googleapis.com/upload/sites/binaire-freznel-assessme-73bb3/versions/a499aa20ccf1ecac/files/ed3b6838e6c2650fe5372a82b16e59ef08e08b6814016ab509764eea9e7faccf 200
[debug] [2026-09-10T08:54:48.980Z] <<< [apiv2][body] POST https://upload-firebasehosting.googleapis.com/upload/sites/binaire-freznel-assessme-73bb3/versions/a499aa20ccf1ecac/files/ed3b6838e6c2650fe5372a82b16e59ef08e08b6814016ab509764eea9e7faccf [stream]
[debug] [2026-09-10T08:54:48.988Z] <<< [apiv2][status] POST https://upload-firebasehosting.googleapis.com/upload/sites/binaire-freznel-assessme-73bb3/versions/a499aa20ccf1ecac/files/0804f906dc5191914cb4fa2d163a49e647e9ca36ef4cfc1351bd22cdd5808415 200
[debug] [2026-09-10T08:54:48.988Z] <<< [apiv2][body] POST https://upload-firebasehosting.googleapis.com/upload/sites/binaire-freznel-assessme-73bb3/versions/a499aa20ccf1ecac/files/0804f906dc5191914cb4fa2d163a49e647e9ca36ef4cfc1351bd22cdd5808415 [stream]
[debug] [2026-09-10T08:54:49.001Z] <<< [apiv2][status] POST https://upload-firebasehosting.googleapis.com/upload/sites/binaire-freznel-assessme-73bb3/versions/a499aa20ccf1ecac/files/34e6cc85cf33d0ee09e19997212d999260696a9a903140a50b0876c0d923347d 200
[debug] [2026-09-10T08:54:49.001Z] <<< [apiv2][body] POST https://upload-firebasehosting.googleapis.com/upload/sites/binaire-freznel-assessme-73bb3/versions/a499aa20ccf1ecac/files/34e6cc85cf33d0ee09e19997212d999260696a9a903140a50b0876c0d923347d [stream]
[debug] [2026-09-10T08:54:49.034Z] <<< [apiv2][status] POST https://upload-firebasehosting.googleapis.com/upload/sites/binaire-freznel-assessme-73bb3/versions/a499aa20ccf1ecac/files/b8d1772e280f8a0081ab2dac983a31c95a9a96c34d4aefaac0050f3d01606103 200
[debug] [2026-09-10T08:54:49.034Z] <<< [apiv2][body] POST https://upload-firebasehosting.googleapis.com/upload/sites/binaire-freznel-assessme-73bb3/versions/a499aa20ccf1ecac/files/b8d1772e280f8a0081ab2dac983a31c95a9a96c34d4aefaac0050f3d01606103 [stream]
[debug] [2026-09-10T08:54:49.035Z] <<< [apiv2][status] POST https://upload-firebasehosting.googleapis.com/upload/sites/binaire-freznel-assessme-73bb3/versions/a499aa20ccf1ecac/files/88da9ed57a844f059250edd628e7fdc1f9316cf6b50d99ba432ea344714927ef 200
[debug] [2026-09-10T08:54:49.035Z] <<< [apiv2][body] POST https://upload-firebasehosting.googleapis.com/upload/sites/binaire-freznel-assessme-73bb3/versions/a499aa20ccf1ecac/files/88da9ed57a844f059250edd628e7fdc1f9316cf6b50d99ba432ea344714927ef [stream]
[debug] [2026-09-10T08:54:49.037Z] <<< [apiv2][status] POST https://upload-firebasehosting.googleapis.com/upload/sites/binaire-freznel-assessme-73bb3/versions/a499aa20ccf1ecac/files/986d61dc12bfe0e22453ae2d5cf0b596b05243f6f55d9a5aa82d34123b547d76 200
[debug] [2026-09-10T08:54:49.037Z] <<< [apiv2][body] POST https://upload-firebasehosting.googleapis.com/upload/sites/binaire-freznel-assessme-73bb3/versions/a499aa20ccf1ecac/files/986d61dc12bfe0e22453ae2d5cf0b596b05243f6f55d9a5aa82d34123b547d76 [stream]
[debug] [2026-09-10T08:54:49.144Z] <<< [apiv2][status] POST https://upload-firebasehosting.googleapis.com/upload/sites/binaire-freznel-assessme-73bb3/versions/a499aa20ccf1ecac/files/7a04ff855d48486611836a099b85bd9f3dd6bfadd552a70ccb0882adc1e80f7c 200
[debug] [2026-09-10T08:54:49.144Z] <<< [apiv2][body] POST https://upload-firebasehosting.googleapis.com/upload/sites/binaire-freznel-assessme-73bb3/versions/a499aa20ccf1ecac/files/7a04ff855d48486611836a099b85bd9f3dd6bfadd552a70ccb0882adc1e80f7c [stream]
